id,pm25
Aotizhongxin_2016-07-01,60.273
Changping_2016-07-01,60.273
Dingling_2016-07-01,60.273
Dongsi_2016-07-01,60.273
Guanyuan_2016-07-01,60.273
Gucheng_2016-07-01,60.273
Huairou_2016-07-01,60.273
Nongzhanguan_2016-07-01,60.273
Shunyi_2016-07-01,60.273
Tiantan_2016-07-01,60.273
Wanliu_2016-07-01,60.273
Wanshouxigong_2016-07-01,60.273
Aotizhongxin_2016-07-02,60.273
Changping_2016-07-02,60.273
Dingling_2016-07-02,60.273
Dongsi_2016-07-02,60.273
Guanyuan_2016-07-02,60.273
Gucheng_2016-07-02,60.273
Huairou_2016-07-02,60.273
Nongzhanguan_2016-07-02,60.273
Shunyi_2016-07-02,60.273
Tiantan_2016-07-02,60.273
Wanliu_2016-07-02,60.273
Wanshouxigong_2016-07-02,60.273
Aotizhongxin_2016-07-03,60.273
Changping_2016-07-03,60.273
Dingling_2016-07-03,60.273
Dongsi_2016-07-03,60.273
Guanyuan_2016-07-03,60.273
Gucheng_2016-07-03,60.273
Huairou_2016-07-03,60.273
Nongzhanguan_2016-07-03,60.273
Shunyi_2016-07-03,60.273
Tiantan_2016-07-03,60.273
Wanliu_2016-07-03,60.273
Wanshouxigong_2016-07-03,60.273
Aotizhongxin_2016-07-04,60.273
Changping_2016-07-04,60.273
Dingling_2016-07-04,60.273
Dongsi_2016-07-04,60.273
Guanyuan_2016-07-04,60.273
Gucheng_2016-07-04,60.273
Huairou_2016-07-04,60.273
Nongzhanguan_2016-07-04,60.273
Shunyi_2016-07-04,60.273
Tiantan_2016-07-04,60.273
Wanliu_2016-07-04,60.273
Wanshouxigong_2016-07-04,60.273
Aotizhongxin_2016-07-05,60.273
Changping_2016-07-05,60.273
Dingling_2016-07-05,60.273
Dongsi_2016-07-05,60.273
Guanyuan_2016-07-05,60.273
Gucheng_2016-07-05,60.273
Huairou_2016-07-05,60.273
Nongzhanguan_2016-07-05,60.273
Shunyi_2016-07-05,60.273
Tiantan_2016-07-05,60.273
Wanliu_2016-07-05,60.273
Wanshouxigong_2016-07-05,60.273
Aotizhongxin_2016-07-06,60.273
Changping_2016-07-06,60.273
Dingling_2016-07-06,60.273
Dongsi_2016-07-06,60.273
Guanyuan_2016-07-06,60.273
Gucheng_2016-07-06,60.273
Huairou_2016-07-06,60.273
Nongzhanguan_2016-07-06,60.273
Shunyi_2016-07-06,60.273
Tiantan_2016-07-06,60.273
Wanliu_2016-07-06,60.273
Wanshouxigong_2016-07-06,60.273
Aotizhongxin_2016-07-07,60.273
Changping_2016-07-07,60.273
Dingling_2016-07-07,60.273
Dongsi_2016-07-07,60.273
Guanyuan_2016-07-07,60.273
Gucheng_2016-07-07,60.273
Huairou_2016-07-07,60.273
Nongzhanguan_2016-07-07,60.273
Shunyi_2016-07-07,60.273
Tiantan_2016-07-07,60.273
Wanliu_2016-07-07,60.273
Wanshouxigong_2016-07-07,60.273
Aotizhongxin_2016-07-08,60.273
Changping_2016-07-08,60.273
Dingling_2016-07-08,60.273
Dongsi_2016-07-08,60.273
Guanyuan_2016-07-08,60.273
Gucheng_2016-07-08,60.273
Huairou_2016-07-08,60.273
Nongzhanguan_2016-07-08,60.273
Shunyi_2016-07-08,60.273
Tiantan_2016-07-08,60.273
Wanliu_2016-07-08,60.273
Wanshouxigong_2016-07-08,60.273
Aotizhongxin_2016-07-09,60.273
Changping_2016-07-09,60.273
Dingling_2016-07-09,60.273
Dongsi_2016-07-09,60.273
Guanyuan_2016-07-09,60.273
Gucheng_2016-07-09,60.273
Huairou_2016-07-09,60.273
Nongzhanguan_2016-07-09,60.273
Shunyi_2016-07-09,60.273
Tiantan_2016-07-09,60.273
Wanliu_2016-07-09,60.273
Wanshouxigong_2016-07-09,60.273
Aotizhongxin_2016-07-10,60.273
Changping_2016-07-10,60.273
Dingling_2016-07-10,60.273
Dongsi_2016-07-10,60.273
Guanyuan_2016-07-10,60.273
Gucheng_2016-07-10,60.273
Huairou_2016-07-10,60.273
Nongzhanguan_2016-07-10,60.273
Shunyi_2016-07-10,60.273
Tiantan_2016-07-10,60.273
Wanliu_2016-07-10,60.273
Wanshouxigong_2016-07-10,60.273
Aotizhongxin_2016-07-11,60.273
Changping_2016-07-11,60.273
Dingling_2016-07-11,60.273
Guanyuan_2016-07-11,60.273
Gucheng_2016-07-11,60.273
Huairou_2016-07-11,60.273
Nongzhanguan_2016-07-11,60.273
Shunyi_2016-07-11,60.273
Tiantan_2016-07-11,60.273
Wanliu_2016-07-11,60.273
Wanshouxigong_2016-07-11,60.273
Aotizhongxin_2016-07-12,60.273
Changping_2016-07-12,60.273
Dingling_2016-07-12,60.273
Guanyuan_2016-07-12,60.273
Gucheng_2016-07-12,60.273
Huairou_2016-07-12,60.273
Nongzhanguan_2016-07-12,60.273
Shunyi_2016-07-12,60.273
Tiantan_2016-07-12,60.273
Wanliu_2016-07-12,60.273
Wanshouxigong_2016-07-12,60.273
Aotizhongxin_2016-07-13,60.273
Changping_2016-07-13,60.273
Dingling_2016-07-13,60.273
Dongsi_2016-07-13,60.273
Guanyuan_2016-07-13,60.273
Gucheng_2016-07-13,60.273
Huairou_2016-07-13,60.273
Nongzhanguan_2016-07-13,60.273
Shunyi_2016-07-13,60.273
Tiantan_2016-07-13,60.273
Wanliu_2016-07-13,60.273
Wanshouxigong_2016-07-13,60.273
Aotizhongxin_2016-07-14,60.273
Changping_2016-07-14,60.273
Dingling_2016-07-14,60.273
Dongsi_2016-07-14,60.273
Guanyuan_2016-07-14,60.273
Gucheng_2016-07-14,60.273
Huairou_2016-07-14,60.273
Nongzhanguan_2016-07-14,60.273
Shunyi_2016-07-14,60.273
Tiantan_2016-07-14,60.273
Wanliu_2016-07-14,60.273
Wanshouxigong_2016-07-14,60.273
Aotizhongxin_2016-07-15,60.273
Changping_2016-07-15,60.273
Dingling_2016-07-15,60.273
Dongsi_2016-07-15,60.273
Guanyuan_2016-07-15,60.273
Gucheng_2016-07-15,60.273
Huairou_2016-07-15,60.273
Nongzhanguan_2016-07-15,60.273
Shunyi_2016-07-15,60.273
Tiantan_2016-07-15,60.273
Wanliu_2016-07-15,60.273
Wanshouxigong_2016-07-15,60.273
Aotizhongxin_2016-07-16,60.273
Changping_2016-07-16,60.273
Dingling_2016-07-16,60.273
Dongsi_2016-07-16,60.273
Guanyuan_2016-07-16,60.273
Gucheng_2016-07-16,60.273
Huairou_2016-07-16,60.273
Nongzhanguan_2016-07-16,60.273
Shunyi_2016-07-16,60.273
Tiantan_2016-07-16,60.273
Wanliu_2016-07-16,60.273
Wanshouxigong_2016-07-16,60.273
Aotizhongxin_2016-07-17,60.273
Changping_2016-07-17,60.273
Dingling_2016-07-17,60.273
Dongsi_2016-07-17,60.273
Guanyuan_2016-07-17,60.273
Gucheng_2016-07-17,60.273
Huairou_2016-07-17,60.273
Nongzhanguan_2016-07-17,60.273
Shunyi_2016-07-17,60.273
Tiantan_2016-07-17,60.273
Wanliu_2016-07-17,60.273
Wanshouxigong_2016-07-17,60.273
Aotizhongxin_2016-07-18,60.273
Changping_2016-07-18,60.273
Dingling_2016-07-18,60.273
Dongsi_2016-07-18,60.273
Guanyuan_2016-07-18,60.273
Gucheng_2016-07-18,60.273
Huairou_2016-07-18,60.273
Nongzhanguan_2016-07-18,60.273
Tiantan_2016-07-18,60.273
Wanliu_2016-07-18,60.273
Wanshouxigong_2016-07-18,60.273
Aotizhongxin_2016-07-19,60.273
Changping_2016-07-19,60.273
Dingling_2016-07-19,60.273
Dongsi_2016-07-19,60.273
Guanyuan_2016-07-19,60.273
Gucheng_2016-07-19,60.273
Huairou_2016-07-19,60.273
Nongzhanguan_2016-07-19,60.273
Shunyi_2016-07-19,60.273
Tiantan_2016-07-19,60.273
Wanliu_2016-07-19,60.273
Wanshouxigong_2016-07-19,60.273
Aotizhongxin_2016-07-20,60.273
Changping_2016-07-20,60.273
Dingling_2016-07-20,60.273
Dongsi_2016-07-20,60.273
Guanyuan_2016-07-20,60.273
Gucheng_2016-07-20,60.273
Huairou_2016-07-20,60.273
Nongzhanguan_2016-07-20,60.273
Shunyi_2016-07-20,60.273
Tiantan_2016-07-20,60.273
Wanliu_2016-07-20,60.273
Wanshouxigong_2016-07-20,60.273
Aotizhongxin_2016-07-21,60.273
Changping_2016-07-21,60.273
Dingling_2016-07-21,60.273
Dongsi_2016-07-21,60.273
Guanyuan_2016-07-21,60.273
Gucheng_2016-07-21,60.273
Huairou_2016-07-21,60.273
Nongzhanguan_2016-07-21,60.273
Shunyi_2016-07-21,60.273
Tiantan_2016-07-21,60.273
Wanliu_2016-07-21,60.273
Wanshouxigong_2016-07-21,60.273
Aotizhongxin_2016-07-22,60.273
Changping_2016-07-22,60.273
Dingling_2016-07-22,60.273
Dongsi_2016-07-22,60.273
Gucheng_2016-07-22,60.273
Huairou_2016-07-22,60.273
Nongzhanguan_2016-07-22,60.273
Shunyi_2016-07-22,60.273
Tiantan_2016-07-22,60.273
Wanliu_2016-07-22,60.273
Wanshouxigong_2016-07-22,60.273
Aotizhongxin_2016-07-23,60.273
Changping_2016-07-23,60.273
Dingling_2016-07-23,60.273
Gucheng_2016-07-23,60.273
Huairou_2016-07-23,60.273
Nongzhanguan_2016-07-23,60.273
Shunyi_2016-07-23,60.273
Tiantan_2016-07-23,60.273
Wanliu_2016-07-23,60.273
Wanshouxigong_2016-07-23,60.273
Aotizhongxin_2016-07-24,60.273
Changping_2016-07-24,60.273
Dingling_2016-07-24,60.273
Gucheng_2016-07-24,60.273
Huairou_2016-07-24,60.273
Nongzhanguan_2016-07-24,60.273
Shunyi_2016-07-24,60.273
Tiantan_2016-07-24,60.273
Wanliu_2016-07-24,60.273
Wanshouxigong_2016-07-24,60.273
Changping_2016-07-25,60.273
Dingling_2016-07-25,60.273
Guanyuan_2016-07-25,60.273
Gucheng_2016-07-25,60.273
Huairou_2016-07-25,60.273
Nongzhanguan_2016-07-25,60.273
Shunyi_2016-07-25,60.273
Tiantan_2016-07-25,60.273
Wanliu_2016-07-25,60.273
Wanshouxigong_2016-07-25,60.273
Changping_2016-07-26,60.273
Dingling_2016-07-26,60.273
Dongsi_2016-07-26,60.273
Guanyuan_2016-07-26,60.273
Gucheng_2016-07-26,60.273
Huairou_2016-07-26,60.273
Nongzhanguan_2016-07-26,60.273
Shunyi_2016-07-26,60.273
Tiantan_2016-07-26,60.273
Wanliu_2016-07-26,60.273
Aotizhongxin_2016-07-27,60.273
Changping_2016-07-27,60.273
Dingling_2016-07-27,60.273
Dongsi_2016-07-27,60.273
Guanyuan_2016-07-27,60.273
Gucheng_2016-07-27,60.273
Huairou_2016-07-27,60.273
Nongzhanguan_2016-07-27,60.273
Shunyi_2016-07-27,60.273
Tiantan_2016-07-27,60.273
Wanliu_2016-07-27,60.273
Wanshouxigong_2016-07-27,60.273
Aotizhongxin_2016-07-28,60.273
Changping_2016-07-28,60.273
Dingling_2016-07-28,60.273
Guanyuan_2016-07-28,60.273
Gucheng_2016-07-28,60.273
Huairou_2016-07-28,60.273
Nongzhanguan_2016-07-28,60.273
Shunyi_2016-07-28,60.273
Tiantan_2016-07-28,60.273
Wanliu_2016-07-28,60.273
Wanshouxigong_2016-07-28,60.273
Aotizhongxin_2016-07-29,60.273
Changping_2016-07-29,60.273
Dingling_2016-07-29,60.273
Guanyuan_2016-07-29,60.273
Gucheng_2016-07-29,60.273
Huairou_2016-07-29,60.273
Nongzhanguan_2016-07-29,60.273
Shunyi_2016-07-29,60.273
Tiantan_2016-07-29,60.273
Wanliu_2016-07-29,60.273
Wanshouxigong_2016-07-29,60.273
Aotizhongxin_2016-07-30,60.273
Changping_2016-07-30,60.273
Dingling_2016-07-30,60.273
Dongsi_2016-07-30,60.273
Guanyuan_2016-07-30,60.273
Gucheng_2016-07-30,60.273
Huairou_2016-07-30,60.273
Nongzhanguan_2016-07-30,60.273
Shunyi_2016-07-30,60.273
Tiantan_2016-07-30,60.273
Wanliu_2016-07-30,60.273
Wanshouxigong_2016-07-30,60.273
Aotizhongxin_2016-07-31,60.273
Changping_2016-07-31,60.273
Dingling_2016-07-31,60.273
Dongsi_2016-07-31,60.273
Guanyuan_2016-07-31,60.273
Gucheng_2016-07-31,60.273
Huairou_2016-07-31,60.273
Nongzhanguan_2016-07-31,60.273
Shunyi_2016-07-31,60.273
Tiantan_2016-07-31,60.273
Wanliu_2016-07-31,60.273
Wanshouxigong_2016-07-31,60.273
Aotizhongxin_2016-08-01,60.273
Changping_2016-08-01,60.273
Dingling_2016-08-01,60.273
Dongsi_2016-08-01,60.273
Guanyuan_2016-08-01,60.273
Gucheng_2016-08-01,60.273
Huairou_2016-08-01,60.273
Nongzhanguan_2016-08-01,60.273
Shunyi_2016-08-01,60.273
Tiantan_2016-08-01,60.273
Wanliu_2016-08-01,60.273
Wanshouxigong_2016-08-01,60.273
Aotizhongxin_2016-08-02,60.273
Changping_2016-08-02,60.273
Dingling_2016-08-02,60.273
Dongsi_2016-08-02,60.273
Guanyuan_2016-08-02,60.273
Gucheng_2016-08-02,60.273
Huairou_2016-08-02,60.273
Nongzhanguan_2016-08-02,60.273
Shunyi_2016-08-02,60.273
Tiantan_2016-08-02,60.273
Wanliu_2016-08-02,60.273
Wanshouxigong_2016-08-02,60.273
Aotizhongxin_2016-08-03,60.273
Changping_2016-08-03,60.273
Dingling_2016-08-03,60.273
Dongsi_2016-08-03,60.273
Guanyuan_2016-08-03,60.273
Gucheng_2016-08-03,60.273
Huairou_2016-08-03,60.273
Nongzhanguan_2016-08-03,60.273
Shunyi_2016-08-03,60.273
Tiantan_2016-08-03,60.273
Wanliu_2016-08-03,60.273
Wanshouxigong_2016-08-03,60.273
Aotizhongxin_2016-08-04,60.273
Changping_2016-08-04,60.273
Dingling_2016-08-04,60.273
Dongsi_2016-08-04,60.273
Guanyuan_2016-08-04,60.273
Gucheng_2016-08-04,60.273
Huairou_2016-08-04,60.273
Nongzhanguan_2016-08-04,60.273
Tiantan_2016-08-04,60.273
Wanliu_2016-08-04,60.273
Wanshouxigong_2016-08-04,60.273
Aotizhongxin_2016-08-05,60.273
Changping_2016-08-05,60.273
Dingling_2016-08-05,60.273
Dongsi_2016-08-05,60.273
Guanyuan_2016-08-05,60.273
Gucheng_2016-08-05,60.273
Huairou_2016-08-05,60.273
Nongzhanguan_2016-08-05,60.273
Shunyi_2016-08-05,60.273
Tiantan_2016-08-05,60.273
Wanliu_2016-08-05,60.273
Wanshouxigong_2016-08-05,60.273
Aotizhongxin_2016-08-06,60.273
Changping_2016-08-06,60.273
Dingling_2016-08-06,60.273
Dongsi_2016-08-06,60.273
Guanyuan_2016-08-06,60.273
Gucheng_2016-08-06,60.273
Huairou_2016-08-06,60.273
Nongzhanguan_2016-08-06,60.273
Shunyi_2016-08-06,60.273
Tiantan_2016-08-06,60.273
Wanliu_2016-08-06,60.273
Wanshouxigong_2016-08-06,60.273
Aotizhongxin_2016-08-07,60.273
Changping_2016-08-07,60.273
Dingling_2016-08-07,60.273
Dongsi_2016-08-07,60.273
Guanyuan_2016-08-07,60.273
Gucheng_2016-08-07,60.273
Huairou_2016-08-07,60.273
Nongzhanguan_2016-08-07,60.273
Shunyi_2016-08-07,60.273
Tiantan_2016-08-07,60.273
Wanliu_2016-08-07,60.273
Wanshouxigong_2016-08-07,60.273
Aotizhongxin_2016-08-08,60.273
Changping_2016-08-08,60.273
Dingling_2016-08-08,60.273
Dongsi_2016-08-08,60.273
Guanyuan_2016-08-08,60.273
Gucheng_2016-08-08,60.273
Huairou_2016-08-08,60.273
Nongzhanguan_2016-08-08,60.273
Shunyi_2016-08-08,60.273
Tiantan_2016-08-08,60.273
Wanliu_2016-08-08,60.273
Wanshouxigong_2016-08-08,60.273
Aotizhongxin_2016-08-09,60.273
Changping_2016-08-09,60.273
Dingling_2016-08-09,60.273
Dongsi_2016-08-09,60.273
Guanyuan_2016-08-09,60.273
Gucheng_2016-08-09,60.273
Huairou_2016-08-09,60.273
Nongzhanguan_2016-08-09,60.273
Shunyi_2016-08-09,60.273
Tiantan_2016-08-09,60.273
Wanliu_2016-08-09,60.273
Wanshouxigong_2016-08-09,60.273
Aotizhongxin_2016-08-10,60.273
Changping_2016-08-10,60.273
Dingling_2016-08-10,60.273
Dongsi_2016-08-10,60.273
Guanyuan_2016-08-10,60.273
Gucheng_2016-08-10,60.273
Huairou_2016-08-10,60.273
Nongzhanguan_2016-08-10,60.273
Shunyi_2016-08-10,60.273
Tiantan_2016-08-10,60.273
Wanliu_2016-08-10,60.273
Wanshouxigong_2016-08-10,60.273
Aotizhongxin_2016-08-11,60.273
Changping_2016-08-11,60.273
Dingling_2016-08-11,60.273
Dongsi_2016-08-11,60.273
Guanyuan_2016-08-11,60.273
Gucheng_2016-08-11,60.273
Huairou_2016-08-11,60.273
Nongzhanguan_2016-08-11,60.273
Shunyi_2016-08-11,60.273
Tiantan_2016-08-11,60.273
Wanliu_2016-08-11,60.273
Wanshouxigong_2016-08-11,60.273
Aotizhongxin_2016-08-12,60.273
Changping_2016-08-12,60.273
Dingling_2016-08-12,60.273
Dongsi_2016-08-12,60.273
Guanyuan_2016-08-12,60.273
Gucheng_2016-08-12,60.273
Huairou_2016-08-12,60.273
Nongzhanguan_2016-08-12,60.273
Shunyi_2016-08-12,60.273
Tiantan_2016-08-12,60.273
Wanliu_2016-08-12,60.273
Wanshouxigong_2016-08-12,60.273
Aotizhongxin_2016-08-13,60.273
Changping_2016-08-13,60.273
Dingling_2016-08-13,60.273
Dongsi_2016-08-13,60.273
Guanyuan_2016-08-13,60.273
Gucheng_2016-08-13,60.273
Huairou_2016-08-13,60.273
Nongzhanguan_2016-08-13,60.273
Shunyi_2016-08-13,60.273
Tiantan_2016-08-13,60.273
Wanliu_2016-08-13,60.273
Wanshouxigong_2016-08-13,60.273
Aotizhongxin_2016-08-14,60.273
Changping_2016-08-14,60.273
Dingling_2016-08-14,60.273
Dongsi_2016-08-14,60.273
Guanyuan_2016-08-14,60.273
Gucheng_2016-08-14,60.273
Huairou_2016-08-14,60.273
Nongzhanguan_2016-08-14,60.273
Shunyi_2016-08-14,60.273
Tiantan_2016-08-14,60.273
Wanliu_2016-08-14,60.273
Wanshouxigong_2016-08-14,60.273
Aotizhongxin_2016-08-15,60.273
Changping_2016-08-15,60.273
Dingling_2016-08-15,60.273
Dongsi_2016-08-15,60.273
Guanyuan_2016-08-15,60.273
Gucheng_2016-08-15,60.273
Huairou_2016-08-15,60.273
Nongzhanguan_2016-08-15,60.273
Shunyi_2016-08-15,60.273
Tiantan_2016-08-15,60.273
Wanliu_2016-08-15,60.273
Wanshouxigong_2016-08-15,60.273
Aotizhongxin_2016-08-16,60.273
Changping_2016-08-16,60.273
Dingling_2016-08-16,60.273
Dongsi_2016-08-16,60.273
Guanyuan_2016-08-16,60.273
Gucheng_2016-08-16,60.273
Huairou_2016-08-16,60.273
Nongzhanguan_2016-08-16,60.273
Shunyi_2016-08-16,60.273
Tiantan_2016-08-16,60.273
Wanliu_2016-08-16,60.273
Wanshouxigong_2016-08-16,60.273
Aotizhongxin_2016-08-17,60.273
Changping_2016-08-17,60.273
Dingling_2016-08-17,60.273
Dongsi_2016-08-17,60.273
Guanyuan_2016-08-17,60.273
Gucheng_2016-08-17,60.273
Huairou_2016-08-17,60.273
Nongzhanguan_2016-08-17,60.273
Shunyi_2016-08-17,60.273
Tiantan_2016-08-17,60.273
Wanliu_2016-08-17,60.273
Wanshouxigong_2016-08-17,60.273
Aotizhongxin_2016-08-18,60.273
Changping_2016-08-18,60.273
Dingling_2016-08-18,60.273
Dongsi_2016-08-18,60.273
Guanyuan_2016-08-18,60.273
Gucheng_2016-08-18,60.273
Huairou_2016-08-18,60.273
Nongzhanguan_2016-08-18,60.273
Shunyi_2016-08-18,60.273
Tiantan_2016-08-18,60.273
Wanliu_2016-08-18,60.273
Wanshouxigong_2016-08-18,60.273
Aotizhongxin_2016-08-19,60.273
Changping_2016-08-19,60.273
Dingling_2016-08-19,60.273
Dongsi_2016-08-19,60.273
Guanyuan_2016-08-19,60.273
Gucheng_2016-08-19,60.273
Huairou_2016-08-19,60.273
Nongzhanguan_2016-08-19,60.273
Shunyi_2016-08-19,60.273
Tiantan_2016-08-19,60.273
Wanliu_2016-08-19,60.273
Wanshouxigong_2016-08-19,60.273
Aotizhongxin_2016-08-20,60.273
Changping_2016-08-20,60.273
Dingling_2016-08-20,60.273
Dongsi_2016-08-20,60.273
Guanyuan_2016-08-20,60.273
Gucheng_2016-08-20,60.273
Huairou_2016-08-20,60.273
Nongzhanguan_2016-08-20,60.273
Shunyi_2016-08-20,60.273
Tiantan_2016-08-20,60.273
Wanliu_2016-08-20,60.273
Wanshouxigong_2016-08-20,60.273
Aotizhongxin_2016-08-21,60.273
Changping_2016-08-21,60.273
Dingling_2016-08-21,60.273
Dongsi_2016-08-21,60.273
Guanyuan_2016-08-21,60.273
Gucheng_2016-08-21,60.273
Huairou_2016-08-21,60.273
Nongzhanguan_2016-08-21,60.273
Shunyi_2016-08-21,60.273
Tiantan_2016-08-21,60.273
Wanliu_2016-08-21,60.273
Wanshouxigong_2016-08-21,60.273
Aotizhongxin_2016-08-22,60.273
Changping_2016-08-22,60.273
Dingling_2016-08-22,60.273
Dongsi_2016-08-22,60.273
Guanyuan_2016-08-22,60.273
Gucheng_2016-08-22,60.273
Huairou_2016-08-22,60.273
Nongzhanguan_2016-08-22,60.273
Shunyi_2016-08-22,60.273
Tiantan_2016-08-22,60.273
Wanliu_2016-08-22,60.273
Wanshouxigong_2016-08-22,60.273
Aotizhongxin_2016-08-23,60.273
Changping_2016-08-23,60.273
Dingling_2016-08-23,60.273
Dongsi_2016-08-23,60.273
Guanyuan_2016-08-23,60.273
Gucheng_2016-08-23,60.273
Huairou_2016-08-23,60.273
Nongzhanguan_2016-08-23,60.273
Shunyi_2016-08-23,60.273
Tiantan_2016-08-23,60.273
Wanliu_2016-08-23,60.273
Wanshouxigong_2016-08-23,60.273
Aotizhongxin_2016-08-24,60.273
Changping_2016-08-24,60.273
Dingling_2016-08-24,60.273
Dongsi_2016-08-24,60.273
Guanyuan_2016-08-24,60.273
Gucheng_2016-08-24,60.273
Huairou_2016-08-24,60.273
Nongzhanguan_2016-08-24,60.273
Shunyi_2016-08-24,60.273
Tiantan_2016-08-24,60.273
Wanliu_2016-08-24,60.273
Wanshouxigong_2016-08-24,60.273
Aotizhongxin_2016-08-25,60.273
Changping_2016-08-25,60.273
Dingling_2016-08-25,60.273
Dongsi_2016-08-25,60.273
Guanyuan_2016-08-25,60.273
Gucheng_2016-08-25,60.273
Huairou_2016-08-25,60.273
Nongzhanguan_2016-08-25,60.273
Shunyi_2016-08-25,60.273
Tiantan_2016-08-25,60.273
Wanliu_2016-08-25,60.273
Wanshouxigong_2016-08-25,60.273
Aotizhongxin_2016-08-26,60.273
Changping_2016-08-26,60.273
Dingling_2016-08-26,60.273
Dongsi_2016-08-26,60.273
Guanyuan_2016-08-26,60.273
Gucheng_2016-08-26,60.273
Huairou_2016-08-26,60.273
Nongzhanguan_2016-08-26,60.273
Shunyi_2016-08-26,60.273
Tiantan_2016-08-26,60.273
Wanliu_2016-08-26,60.273
Wanshouxigong_2016-08-26,60.273
Aotizhongxin_2016-08-27,60.273
Changping_2016-08-27,60.273
Dingling_2016-08-27,60.273
Dongsi_2016-08-27,60.273
Guanyuan_2016-08-27,60.273
Gucheng_2016-08-27,60.273
Huairou_2016-08-27,60.273
Nongzhanguan_2016-08-27,60.273
Shunyi_2016-08-27,60.273
Tiantan_2016-08-27,60.273
Wanliu_2016-08-27,60.273
Wanshouxigong_2016-08-27,60.273
Aotizhongxin_2016-08-28,60.273
Changping_2016-08-28,60.273
Dingling_2016-08-28,60.273
Dongsi_2016-08-28,60.273
Guanyuan_2016-08-28,60.273
Gucheng_2016-08-28,60.273
Huairou_2016-08-28,60.273
Nongzhanguan_2016-08-28,60.273
Shunyi_2016-08-28,60.273
Tiantan_2016-08-28,60.273
Wanliu_2016-08-28,60.273
Wanshouxigong_2016-08-28,60.273
Aotizhongxin_2016-08-29,60.273
Changping_2016-08-29,60.273
Dingling_2016-08-29,60.273
Dongsi_2016-08-29,60.273
Guanyuan_2016-08-29,60.273
Gucheng_2016-08-29,60.273
Huairou_2016-08-29,60.273
Nongzhanguan_2016-08-29,60.273
Shunyi_2016-08-29,60.273
Tiantan_2016-08-29,60.273
Wanliu_2016-08-29,60.273
Wanshouxigong_2016-08-29,60.273
Aotizhongxin_2016-08-30,60.273
Changping_2016-08-30,60.273
Dingling_2016-08-30,60.273
Dongsi_2016-08-30,60.273
Guanyuan_2016-08-30,60.273
Gucheng_2016-08-30,60.273
Huairou_2016-08-30,60.273
Nongzhanguan_2016-08-30,60.273
Shunyi_2016-08-30,60.273
Tiantan_2016-08-30,60.273
Wanliu_2016-08-30,60.273
Wanshouxigong_2016-08-30,60.273
Aotizhongxin_2016-08-31,60.273
Changping_2016-08-31,60.273
Dingling_2016-08-31,60.273
Dongsi_2016-08-31,60.273
Guanyuan_2016-08-31,60.273
Gucheng_2016-08-31,60.273
Huairou_2016-08-31,60.273
Nongzhanguan_2016-08-31,60.273
Shunyi_2016-08-31,60.273
Tiantan_2016-08-31,60.273
Wanliu_2016-08-31,60.273
Wanshouxigong_2016-08-31,60.273
Aotizhongxin_2016-09-01,60.273
Changping_2016-09-01,60.273
Dingling_2016-09-01,60.273
Dongsi_2016-09-01,60.273
Guanyuan_2016-09-01,60.273
Gucheng_2016-09-01,60.273
Huairou_2016-09-01,60.273
Nongzhanguan_2016-09-01,60.273
Shunyi_2016-09-01,60.273
Tiantan_2016-09-01,60.273
Wanliu_2016-09-01,60.273
Wanshouxigong_2016-09-01,60.273
Aotizhongxin_2016-09-02,60.273
Changping_2016-09-02,60.273
Dingling_2016-09-02,60.273
Dongsi_2016-09-02,60.273
Guanyuan_2016-09-02,60.273
Gucheng_2016-09-02,60.273
Huairou_2016-09-02,60.273
Nongzhanguan_2016-09-02,60.273
Shunyi_2016-09-02,60.273
Tiantan_2016-09-02,60.273
Wanliu_2016-09-02,60.273
Wanshouxigong_2016-09-02,60.273
Aotizhongxin_2016-09-03,60.273
Changping_2016-09-03,60.273
Dingling_2016-09-03,60.273
Dongsi_2016-09-03,60.273
Guanyuan_2016-09-03,60.273
Gucheng_2016-09-03,60.273
Huairou_2016-09-03,60.273
Nongzhanguan_2016-09-03,60.273
Shunyi_2016-09-03,60.273
Tiantan_2016-09-03,60.273
Wanliu_2016-09-03,60.273
Wanshouxigong_2016-09-03,60.273
Aotizhongxin_2016-09-04,60.273
Changping_2016-09-04,60.273
Dingling_2016-09-04,60.273
Dongsi_2016-09-04,60.273
Guanyuan_2016-09-04,60.273
Gucheng_2016-09-04,60.273
Huairou_2016-09-04,60.273
Nongzhanguan_2016-09-04,60.273
Tiantan_2016-09-04,60.273
Wanliu_2016-09-04,60.273
Wanshouxigong_2016-09-04,60.273
Aotizhongxin_2016-09-05,60.273
Changping_2016-09-05,60.273
Dingling_2016-09-05,60.273
Dongsi_2016-09-05,60.273
Guanyuan_2016-09-05,60.273
Gucheng_2016-09-05,60.273
Huairou_2016-09-05,60.273
Nongzhanguan_2016-09-05,60.273
Shunyi_2016-09-05,60.273
Tiantan_2016-09-05,60.273
Wanliu_2016-09-05,60.273
Wanshouxigong_2016-09-05,60.273
Aotizhongxin_2016-09-06,60.273
Changping_2016-09-06,60.273
Dingling_2016-09-06,60.273
Dongsi_2016-09-06,60.273
Guanyuan_2016-09-06,60.273
Gucheng_2016-09-06,60.273
Huairou_2016-09-06,60.273
Nongzhanguan_2016-09-06,60.273
Shunyi_2016-09-06,60.273
Tiantan_2016-09-06,60.273
Wanliu_2016-09-06,60.273
Wanshouxigong_2016-09-06,60.273
Aotizhongxin_2016-09-08,60.273
Changping_2016-09-08,60.273
Dingling_2016-09-08,60.273
Dongsi_2016-09-08,60.273
Guanyuan_2016-09-08,60.273
Gucheng_2016-09-08,60.273
Huairou_2016-09-08,60.273
Nongzhanguan_2016-09-08,60.273
Shunyi_2016-09-08,60.273
Tiantan_2016-09-08,60.273
Wanliu_2016-09-08,60.273
Wanshouxigong_2016-09-08,60.273
Aotizhongxin_2016-09-09,60.273
Changping_2016-09-09,60.273
Dingling_2016-09-09,60.273
Dongsi_2016-09-09,60.273
Guanyuan_2016-09-09,60.273
Gucheng_2016-09-09,60.273
Huairou_2016-09-09,60.273
Nongzhanguan_2016-09-09,60.273
Shunyi_2016-09-09,60.273
Tiantan_2016-09-09,60.273
Wanliu_2016-09-09,60.273
Wanshouxigong_2016-09-09,60.273
Aotizhongxin_2016-09-10,60.273
Changping_2016-09-10,60.273
Dingling_2016-09-10,60.273
Dongsi_2016-09-10,60.273
Guanyuan_2016-09-10,60.273
Gucheng_2016-09-10,60.273
Huairou_2016-09-10,60.273
Nongzhanguan_2016-09-10,60.273
Shunyi_2016-09-10,60.273
Tiantan_2016-09-10,60.273
Wanliu_2016-09-10,60.273
Wanshouxigong_2016-09-10,60.273
Aotizhongxin_2016-09-11,60.273
Changping_2016-09-11,60.273
Dingling_2016-09-11,60.273
Dongsi_2016-09-11,60.273
Guanyuan_2016-09-11,60.273
Gucheng_2016-09-11,60.273
Huairou_2016-09-11,60.273
Nongzhanguan_2016-09-11,60.273
Shunyi_2016-09-11,60.273
Tiantan_2016-09-11,60.273
Wanliu_2016-09-11,60.273
Wanshouxigong_2016-09-11,60.273
Aotizhongxin_2016-09-12,60.273
Changping_2016-09-12,60.273
Dingling_2016-09-12,60.273
Guanyuan_2016-09-12,60.273
Gucheng_2016-09-12,60.273
Huairou_2016-09-12,60.273
Nongzhanguan_2016-09-12,60.273
Shunyi_2016-09-12,60.273
Tiantan_2016-09-12,60.273
Wanliu_2016-09-12,60.273
Wanshouxigong_2016-09-12,60.273
Aotizhongxin_2016-09-13,60.273
Changping_2016-09-13,60.273
Dingling_2016-09-13,60.273
Dongsi_2016-09-13,60.273
Guanyuan_2016-09-13,60.273
Gucheng_2016-09-13,60.273
Huairou_2016-09-13,60.273
Nongzhanguan_2016-09-13,60.273
Shunyi_2016-09-13,60.273
Tiantan_2016-09-13,60.273
Wanliu_2016-09-13,60.273
Wanshouxigong_2016-09-13,60.273
Aotizhongxin_2016-09-14,60.273
Changping_2016-09-14,60.273
Dingling_2016-09-14,60.273
Dongsi_2016-09-14,60.273
Guanyuan_2016-09-14,60.273
Gucheng_2016-09-14,60.273
Huairou_2016-09-14,60.273
Nongzhanguan_2016-09-14,60.273
Tiantan_2016-09-14,60.273
Wanliu_2016-09-14,60.273
Wanshouxigong_2016-09-14,60.273
Aotizhongxin_2016-09-15,60.273
Changping_2016-09-15,60.273
Dingling_2016-09-15,60.273
Dongsi_2016-09-15,60.273
Guanyuan_2016-09-15,60.273
Gucheng_2016-09-15,60.273
Huairou_2016-09-15,60.273
Nongzhanguan_2016-09-15,60.273
Tiantan_2016-09-15,60.273
Wanliu_2016-09-15,60.273
Wanshouxigong_2016-09-15,60.273
Aotizhongxin_2016-09-16,60.273
Changping_2016-09-16,60.273
Dingling_2016-09-16,60.273
Dongsi_2016-09-16,60.273
Guanyuan_2016-09-16,60.273
Gucheng_2016-09-16,60.273
Huairou_2016-09-16,60.273
Nongzhanguan_2016-09-16,60.273
Tiantan_2016-09-16,60.273
Wanliu_2016-09-16,60.273
Wanshouxigong_2016-09-16,60.273
Aotizhongxin_2016-09-17,60.273
Changping_2016-09-17,60.273
Dingling_2016-09-17,60.273
Dongsi_2016-09-17,60.273
Guanyuan_2016-09-17,60.273
Gucheng_2016-09-17,60.273
Huairou_2016-09-17,60.273
Nongzhanguan_2016-09-17,60.273
Shunyi_2016-09-17,60.273
Tiantan_2016-09-17,60.273
Wanliu_2016-09-17,60.273
Wanshouxigong_2016-09-17,60.273
Aotizhongxin_2016-09-18,60.273
Changping_2016-09-18,60.273
Dingling_2016-09-18,60.273
Dongsi_2016-09-18,60.273
Guanyuan_2016-09-18,60.273
Gucheng_2016-09-18,60.273
Nongzhanguan_2016-09-18,60.273
Shunyi_2016-09-18,60.273
Tiantan_2016-09-18,60.273
Wanliu_2016-09-18,60.273
Wanshouxigong_2016-09-18,60.273
Aotizhongxin_2016-09-19,60.273
Changping_2016-09-19,60.273
Dingling_2016-09-19,60.273
Dongsi_2016-09-19,60.273
Guanyuan_2016-09-19,60.273
Gucheng_2016-09-19,60.273
Nongzhanguan_2016-09-19,60.273
Shunyi_2016-09-19,60.273
Tiantan_2016-09-19,60.273
Wanliu_2016-09-19,60.273
Wanshouxigong_2016-09-19,60.273
Aotizhongxin_2016-09-20,60.273
Changping_2016-09-20,60.273
Dongsi_2016-09-20,60.273
Guanyuan_2016-09-20,60.273
Gucheng_2016-09-20,60.273
Huairou_2016-09-20,60.273
Nongzhanguan_2016-09-20,60.273
Shunyi_2016-09-20,60.273
Tiantan_2016-09-20,60.273
Wanliu_2016-09-20,60.273
Wanshouxigong_2016-09-20,60.273
Aotizhongxin_2016-09-21,60.273
Changping_2016-09-21,60.273
Dongsi_2016-09-21,60.273
Guanyuan_2016-09-21,60.273
Gucheng_2016-09-21,60.273
Huairou_2016-09-21,60.273
Nongzhanguan_2016-09-21,60.273
Shunyi_2016-09-21,60.273
Tiantan_2016-09-21,60.273
Wanliu_2016-09-21,60.273
Wanshouxigong_2016-09-21,60.273
Aotizhongxin_2016-09-22,60.273
Changping_2016-09-22,60.273
Dingling_2016-09-22,60.273
Dongsi_2016-09-22,60.273
Guanyuan_2016-09-22,60.273
Gucheng_2016-09-22,60.273
Huairou_2016-09-22,60.273
Nongzhanguan_2016-09-22,60.273
Shunyi_2016-09-22,60.273
Tiantan_2016-09-22,60.273
Wanliu_2016-09-22,60.273
Wanshouxigong_2016-09-22,60.273
Aotizhongxin_2016-09-23,60.273
Changping_2016-09-23,60.273
Dingling_2016-09-23,60.273
Dongsi_2016-09-23,60.273
Guanyuan_2016-09-23,60.273
Gucheng_2016-09-23,60.273
Huairou_2016-09-23,60.273
Nongzhanguan_2016-09-23,60.273
Shunyi_2016-09-23,60.273
Tiantan_2016-09-23,60.273
Wanliu_2016-09-23,60.273
Aotizhongxin_2016-09-24,60.273
Changping_2016-09-24,60.273
Dingling_2016-09-24,60.273
Dongsi_2016-09-24,60.273
Guanyuan_2016-09-24,60.273
Gucheng_2016-09-24,60.273
Huairou_2016-09-24,60.273
Nongzhanguan_2016-09-24,60.273
Shunyi_2016-09-24,60.273
Tiantan_2016-09-24,60.273
Wanliu_2016-09-24,60.273
Wanshouxigong_2016-09-24,60.273
Aotizhongxin_2016-09-25,60.273
Changping_2016-09-25,60.273
Dingling_2016-09-25,60.273
Dongsi_2016-09-25,60.273
Guanyuan_2016-09-25,60.273
Gucheng_2016-09-25,60.273
Huairou_2016-09-25,60.273
Nongzhanguan_2016-09-25,60.273
Tiantan_2016-09-25,60.273
Wanliu_2016-09-25,60.273
Wanshouxigong_2016-09-25,60.273
Aotizhongxin_2016-09-26,60.273
Changping_2016-09-26,60.273
Dingling_2016-09-26,60.273
Dongsi_2016-09-26,60.273
Guanyuan_2016-09-26,60.273
Gucheng_2016-09-26,60.273
Huairou_2016-09-26,60.273
Nongzhanguan_2016-09-26,60.273
Shunyi_2016-09-26,60.273
Tiantan_2016-09-26,60.273
Wanliu_2016-09-26,60.273
Wanshouxigong_2016-09-26,60.273
Aotizhongxin_2016-09-27,60.273
Changping_2016-09-27,60.273
Dingling_2016-09-27,60.273
Dongsi_2016-09-27,60.273
Guanyuan_2016-09-27,60.273
Gucheng_2016-09-27,60.273
Huairou_2016-09-27,60.273
Nongzhanguan_2016-09-27,60.273
Shunyi_2016-09-27,60.273
Tiantan_2016-09-27,60.273
Wanliu_2016-09-27,60.273
Wanshouxigong_2016-09-27,60.273
Aotizhongxin_2016-09-28,60.273
Changping_2016-09-28,60.273
Dingling_2016-09-28,60.273
Dongsi_2016-09-28,60.273
Guanyuan_2016-09-28,60.273
Gucheng_2016-09-28,60.273
Huairou_2016-09-28,60.273
Nongzhanguan_2016-09-28,60.273
Shunyi_2016-09-28,60.273
Tiantan_2016-09-28,60.273
Wanliu_2016-09-28,60.273
Wanshouxigong_2016-09-28,60.273
Aotizhongxin_2016-09-29,60.273
Changping_2016-09-29,60.273
Dingling_2016-09-29,60.273
Dongsi_2016-09-29,60.273
Guanyuan_2016-09-29,60.273
Huairou_2016-09-29,60.273
Nongzhanguan_2016-09-29,60.273
Shunyi_2016-09-29,60.273
Tiantan_2016-09-29,60.273
Wanliu_2016-09-29,60.273
Wanshouxigong_2016-09-29,60.273
Aotizhongxin_2016-09-30,60.273
Changping_2016-09-30,60.273
Dingling_2016-09-30,60.273
Dongsi_2016-09-30,60.273
Guanyuan_2016-09-30,60.273
Huairou_2016-09-30,60.273
Nongzhanguan_2016-09-30,60.273
Shunyi_2016-09-30,60.273
Tiantan_2016-09-30,60.273
Wanliu_2016-09-30,60.273
Wanshouxigong_2016-09-30,60.273
Aotizhongxin_2016-10-01,60.273
Changping_2016-10-01,60.273
Dingling_2016-10-01,60.273
Dongsi_2016-10-01,60.273
Guanyuan_2016-10-01,60.273
Gucheng_2016-10-01,60.273
Huairou_2016-10-01,60.273
Nongzhanguan_2016-10-01,60.273
Shunyi_2016-10-01,60.273
Tiantan_2016-10-01,60.273
Wanliu_2016-10-01,60.273
Wanshouxigong_2016-10-01,60.273
Aotizhongxin_2016-10-02,60.273
Changping_2016-10-02,60.273
Dingling_2016-10-02,60.273
Dongsi_2016-10-02,60.273
Guanyuan_2016-10-02,60.273
Gucheng_2016-10-02,60.273
Huairou_2016-10-02,60.273
Nongzhanguan_2016-10-02,60.273
Shunyi_2016-10-02,60.273
Tiantan_2016-10-02,60.273
Wanliu_2016-10-02,60.273
Wanshouxigong_2016-10-02,60.273
Aotizhongxin_2016-10-03,60.273
Changping_2016-10-03,60.273
Dingling_2016-10-03,60.273
Dongsi_2016-10-03,60.273
Guanyuan_2016-10-03,60.273
Gucheng_2016-10-03,60.273
Huairou_2016-10-03,60.273
Nongzhanguan_2016-10-03,60.273
Shunyi_2016-10-03,60.273
Tiantan_2016-10-03,60.273
Wanliu_2016-10-03,60.273
Wanshouxigong_2016-10-03,60.273
Aotizhongxin_2016-10-04,60.273
Changping_2016-10-04,60.273
Dingling_2016-10-04,60.273
Guanyuan_2016-10-04,60.273
Gucheng_2016-10-04,60.273
Huairou_2016-10-04,60.273
Nongzhanguan_2016-10-04,60.273
Shunyi_2016-10-04,60.273
Tiantan_2016-10-04,60.273
Wanliu_2016-10-04,60.273
Wanshouxigong_2016-10-04,60.273
Aotizhongxin_2016-10-05,60.273
Changping_2016-10-05,60.273
Dingling_2016-10-05,60.273
Guanyuan_2016-10-05,60.273
Gucheng_2016-10-05,60.273
Huairou_2016-10-05,60.273
Nongzhanguan_2016-10-05,60.273
Shunyi_2016-10-05,60.273
Tiantan_2016-10-05,60.273
Wanliu_2016-10-05,60.273
Wanshouxigong_2016-10-05,60.273
Aotizhongxin_2016-10-06,60.273
Changping_2016-10-06,60.273
Dingling_2016-10-06,60.273
Dongsi_2016-10-06,60.273
Guanyuan_2016-10-06,60.273
Gucheng_2016-10-06,60.273
Huairou_2016-10-06,60.273
Nongzhanguan_2016-10-06,60.273
Shunyi_2016-10-06,60.273
Tiantan_2016-10-06,60.273
Wanliu_2016-10-06,60.273
Wanshouxigong_2016-10-06,60.273
Aotizhongxin_2016-10-07,60.273
Changping_2016-10-07,60.273
Dingling_2016-10-07,60.273
Dongsi_2016-10-07,60.273
Guanyuan_2016-10-07,60.273
Gucheng_2016-10-07,60.273
Huairou_2016-10-07,60.273
Nongzhanguan_2016-10-07,60.273
Shunyi_2016-10-07,60.273
Tiantan_2016-10-07,60.273
Wanliu_2016-10-07,60.273
Wanshouxigong_2016-10-07,60.273
Aotizhongxin_2016-10-08,60.273
Changping_2016-10-08,60.273
Dongsi_2016-10-08,60.273
Guanyuan_2016-10-08,60.273
Gucheng_2016-10-08,60.273
Huairou_2016-10-08,60.273
Nongzhanguan_2016-10-08,60.273
Shunyi_2016-10-08,60.273
Tiantan_2016-10-08,60.273
Wanliu_2016-10-08,60.273
Wanshouxigong_2016-10-08,60.273
Aotizhongxin_2016-10-09,60.273
Changping_2016-10-09,60.273
Dongsi_2016-10-09,60.273
Guanyuan_2016-10-09,60.273
Gucheng_2016-10-09,60.273
Huairou_2016-10-09,60.273
Nongzhanguan_2016-10-09,60.273
Tiantan_2016-10-09,60.273
Wanliu_2016-10-09,60.273
Wanshouxigong_2016-10-09,60.273
Aotizhongxin_2016-10-10,60.273
Changping_2016-10-10,60.273
Dongsi_2016-10-10,60.273
Guanyuan_2016-10-10,60.273
Gucheng_2016-10-10,60.273
Huairou_2016-10-10,60.273
Nongzhanguan_2016-10-10,60.273
Shunyi_2016-10-10,60.273
Tiantan_2016-10-10,60.273
Wanliu_2016-10-10,60.273
Wanshouxigong_2016-10-10,60.273
Aotizhongxin_2016-10-11,60.273
Changping_2016-10-11,60.273
Dongsi_2016-10-11,60.273
Guanyuan_2016-10-11,60.273
Gucheng_2016-10-11,60.273
Huairou_2016-10-11,60.273
Nongzhanguan_2016-10-11,60.273
Shunyi_2016-10-11,60.273
Tiantan_2016-10-11,60.273
Wanliu_2016-10-11,60.273
Wanshouxigong_2016-10-11,60.273
Aotizhongxin_2016-10-12,60.273
Changping_2016-10-12,60.273
Dongsi_2016-10-12,60.273
Guanyuan_2016-10-12,60.273
Gucheng_2016-10-12,60.273
Huairou_2016-10-12,60.273
Nongzhanguan_2016-10-12,60.273
Shunyi_2016-10-12,60.273
Tiantan_2016-10-12,60.273
Wanliu_2016-10-12,60.273
Wanshouxigong_2016-10-12,60.273
Aotizhongxin_2016-10-13,60.273
Changping_2016-10-13,60.273
Dongsi_2016-10-13,60.273
Guanyuan_2016-10-13,60.273
Gucheng_2016-10-13,60.273
Huairou_2016-10-13,60.273
Nongzhanguan_2016-10-13,60.273
Shunyi_2016-10-13,60.273
Tiantan_2016-10-13,60.273
Wanliu_2016-10-13,60.273
Wanshouxigong_2016-10-13,60.273
Aotizhongxin_2016-10-14,60.273
Changping_2016-10-14,60.273
Dingling_2016-10-14,60.273
Dongsi_2016-10-14,60.273
Guanyuan_2016-10-14,60.273
Gucheng_2016-10-14,60.273
Huairou_2016-10-14,60.273
Nongzhanguan_2016-10-14,60.273
Shunyi_2016-10-14,60.273
Tiantan_2016-10-14,60.273
Wanliu_2016-10-14,60.273
Wanshouxigong_2016-10-14,60.273
Aotizhongxin_2016-10-15,60.273
Changping_2016-10-15,60.273
Dingling_2016-10-15,60.273
Dongsi_2016-10-15,60.273
Guanyuan_2016-10-15,60.273
Gucheng_2016-10-15,60.273
Huairou_2016-10-15,60.273
Nongzhanguan_2016-10-15,60.273
Shunyi_2016-10-15,60.273
Tiantan_2016-10-15,60.273
Wanliu_2016-10-15,60.273
Wanshouxigong_2016-10-15,60.273
Aotizhongxin_2016-10-16,60.273
Changping_2016-10-16,60.273
Dingling_2016-10-16,60.273
Dongsi_2016-10-16,60.273
Guanyuan_2016-10-16,60.273
Gucheng_2016-10-16,60.273
Huairou_2016-10-16,60.273
Nongzhanguan_2016-10-16,60.273
Shunyi_2016-10-16,60.273
Tiantan_2016-10-16,60.273
Wanliu_2016-10-16,60.273
Wanshouxigong_2016-10-16,60.273
Aotizhongxin_2016-10-17,60.273
Changping_2016-10-17,60.273
Dingling_2016-10-17,60.273
Dongsi_2016-10-17,60.273
Guanyuan_2016-10-17,60.273
Gucheng_2016-10-17,60.273
Huairou_2016-10-17,60.273
Nongzhanguan_2016-10-17,60.273
Shunyi_2016-10-17,60.273
Tiantan_2016-10-17,60.273
Wanliu_2016-10-17,60.273
Wanshouxigong_2016-10-17,60.273
Aotizhongxin_2016-10-18,60.273
Changping_2016-10-18,60.273
Dingling_2016-10-18,60.273
Dongsi_2016-10-18,60.273
Guanyuan_2016-10-18,60.273
Gucheng_2016-10-18,60.273
Huairou_2016-10-18,60.273
Nongzhanguan_2016-10-18,60.273
Shunyi_2016-10-18,60.273
Tiantan_2016-10-18,60.273
Wanliu_2016-10-18,60.273
Wanshouxigong_2016-10-18,60.273
Aotizhongxin_2016-10-19,60.273
Changping_2016-10-19,60.273
Dingling_2016-10-19,60.273
Dongsi_2016-10-19,60.273
Guanyuan_2016-10-19,60.273
Gucheng_2016-10-19,60.273
Huairou_2016-10-19,60.273
Nongzhanguan_2016-10-19,60.273
Shunyi_2016-10-19,60.273
Tiantan_2016-10-19,60.273
Wanliu_2016-10-19,60.273
Wanshouxigong_2016-10-19,60.273
Aotizhongxin_2016-10-20,60.273
Changping_2016-10-20,60.273
Dingling_2016-10-20,60.273
Dongsi_2016-10-20,60.273
Guanyuan_2016-10-20,60.273
Gucheng_2016-10-20,60.273
Huairou_2016-10-20,60.273
Nongzhanguan_2016-10-20,60.273
Shunyi_2016-10-20,60.273
Tiantan_2016-10-20,60.273
Wanliu_2016-10-20,60.273
Wanshouxigong_2016-10-20,60.273
Aotizhongxin_2016-10-21,60.273
Changping_2016-10-21,60.273
Dingling_2016-10-21,60.273
Dongsi_2016-10-21,60.273
Guanyuan_2016-10-21,60.273
Gucheng_2016-10-21,60.273
Huairou_2016-10-21,60.273
Nongzhanguan_2016-10-21,60.273
Shunyi_2016-10-21,60.273
Tiantan_2016-10-21,60.273
Wanliu_2016-10-21,60.273
Wanshouxigong_2016-10-21,60.273
Aotizhongxin_2016-10-22,60.273
Changping_2016-10-22,60.273
Dingling_2016-10-22,60.273
Dongsi_2016-10-22,60.273
Guanyuan_2016-10-22,60.273
Gucheng_2016-10-22,60.273
Huairou_2016-10-22,60.273
Nongzhanguan_2016-10-22,60.273
Shunyi_2016-10-22,60.273
Tiantan_2016-10-22,60.273
Wanliu_2016-10-22,60.273
Wanshouxigong_2016-10-22,60.273
Aotizhongxin_2016-10-23,60.273
Changping_2016-10-23,60.273
Dingling_2016-10-23,60.273
Dongsi_2016-10-23,60.273
Guanyuan_2016-10-23,60.273
Gucheng_2016-10-23,60.273
Huairou_2016-10-23,60.273
Nongzhanguan_2016-10-23,60.273
Shunyi_2016-10-23,60.273
Tiantan_2016-10-23,60.273
Wanliu_2016-10-23,60.273
Wanshouxigong_2016-10-23,60.273
Aotizhongxin_2016-10-24,60.273
Changping_2016-10-24,60.273
Dingling_2016-10-24,60.273
Dongsi_2016-10-24,60.273
Guanyuan_2016-10-24,60.273
Gucheng_2016-10-24,60.273
Huairou_2016-10-24,60.273
Nongzhanguan_2016-10-24,60.273
Shunyi_2016-10-24,60.273
Tiantan_2016-10-24,60.273
Wanliu_2016-10-24,60.273
Wanshouxigong_2016-10-24,60.273
Aotizhongxin_2016-10-25,60.273
Changping_2016-10-25,60.273
Dingling_2016-10-25,60.273
Dongsi_2016-10-25,60.273
Guanyuan_2016-10-25,60.273
Gucheng_2016-10-25,60.273
Huairou_2016-10-25,60.273
Nongzhanguan_2016-10-25,60.273
Shunyi_2016-10-25,60.273
Tiantan_2016-10-25,60.273
Wanliu_2016-10-25,60.273
Wanshouxigong_2016-10-25,60.273
Aotizhongxin_2016-10-26,60.273
Changping_2016-10-26,60.273
Dingling_2016-10-26,60.273
Dongsi_2016-10-26,60.273
Guanyuan_2016-10-26,60.273
Gucheng_2016-10-26,60.273
Huairou_2016-10-26,60.273
Nongzhanguan_2016-10-26,60.273
Tiantan_2016-10-26,60.273
Wanliu_2016-10-26,60.273
Wanshouxigong_2016-10-26,60.273
Aotizhongxin_2016-10-27,60.273
Changping_2016-10-27,60.273
Dingling_2016-10-27,60.273
Guanyuan_2016-10-27,60.273
Gucheng_2016-10-27,60.273
Huairou_2016-10-27,60.273
Nongzhanguan_2016-10-27,60.273
Tiantan_2016-10-27,60.273
Wanliu_2016-10-27,60.273
Wanshouxigong_2016-10-27,60.273
Aotizhongxin_2016-10-28,60.273
Changping_2016-10-28,60.273
Dingling_2016-10-28,60.273
Guanyuan_2016-10-28,60.273
Gucheng_2016-10-28,60.273
Huairou_2016-10-28,60.273
Nongzhanguan_2016-10-28,60.273
Shunyi_2016-10-28,60.273
Tiantan_2016-10-28,60.273
Wanliu_2016-10-28,60.273
Wanshouxigong_2016-10-28,60.273
Aotizhongxin_2016-10-29,60.273
Changping_2016-10-29,60.273
Dingling_2016-10-29,60.273
Dongsi_2016-10-29,60.273
Guanyuan_2016-10-29,60.273
Gucheng_2016-10-29,60.273
Huairou_2016-10-29,60.273
Nongzhanguan_2016-10-29,60.273
Shunyi_2016-10-29,60.273
Tiantan_2016-10-29,60.273
Wanliu_2016-10-29,60.273
Wanshouxigong_2016-10-29,60.273
Aotizhongxin_2016-10-30,60.273
Changping_2016-10-30,60.273
Dingling_2016-10-30,60.273
Dongsi_2016-10-30,60.273
Guanyuan_2016-10-30,60.273
Gucheng_2016-10-30,60.273
Huairou_2016-10-30,60.273
Nongzhanguan_2016-10-30,60.273
Shunyi_2016-10-30,60.273
Tiantan_2016-10-30,60.273
Wanliu_2016-10-30,60.273
Wanshouxigong_2016-10-30,60.273
Aotizhongxin_2016-10-31,60.273
Changping_2016-10-31,60.273
Dingling_2016-10-31,60.273
Dongsi_2016-10-31,60.273
Guanyuan_2016-10-31,60.273
Gucheng_2016-10-31,60.273
Huairou_2016-10-31,60.273
Nongzhanguan_2016-10-31,60.273
Shunyi_2016-10-31,60.273
Tiantan_2016-10-31,60.273
Wanliu_2016-10-31,60.273
Wanshouxigong_2016-10-31,60.273
Aotizhongxin_2016-11-01,60.273
Changping_2016-11-01,60.273
Dingling_2016-11-01,60.273
Dongsi_2016-11-01,60.273
Guanyuan_2016-11-01,60.273
Gucheng_2016-11-01,60.273
Huairou_2016-11-01,60.273
Nongzhanguan_2016-11-01,60.273
Shunyi_2016-11-01,60.273
Tiantan_2016-11-01,60.273
Wanliu_2016-11-01,60.273
Wanshouxigong_2016-11-01,60.273
Aotizhongxin_2016-11-02,60.273
Changping_2016-11-02,60.273
Dingling_2016-11-02,60.273
Dongsi_2016-11-02,60.273
Guanyuan_2016-11-02,60.273
Gucheng_2016-11-02,60.273
Huairou_2016-11-02,60.273
Nongzhanguan_2016-11-02,60.273
Shunyi_2016-11-02,60.273
Tiantan_2016-11-02,60.273
Wanliu_2016-11-02,60.273
Wanshouxigong_2016-11-02,60.273
Aotizhongxin_2016-11-03,60.273
Changping_2016-11-03,60.273
Dingling_2016-11-03,60.273
Dongsi_2016-11-03,60.273
Guanyuan_2016-11-03,60.273
Gucheng_2016-11-03,60.273
Huairou_2016-11-03,60.273
Nongzhanguan_2016-11-03,60.273
Shunyi_2016-11-03,60.273
Tiantan_2016-11-03,60.273
Wanliu_2016-11-03,60.273
Wanshouxigong_2016-11-03,60.273
Aotizhongxin_2016-11-04,60.273
Changping_2016-11-04,60.273
Dingling_2016-11-04,60.273
Dongsi_2016-11-04,60.273
Guanyuan_2016-11-04,60.273
Gucheng_2016-11-04,60.273
Huairou_2016-11-04,60.273
Nongzhanguan_2016-11-04,60.273
Shunyi_2016-11-04,60.273
Tiantan_2016-11-04,60.273
Wanliu_2016-11-04,60.273
Wanshouxigong_2016-11-04,60.273
Aotizhongxin_2016-11-05,60.273
Changping_2016-11-05,60.273
Dingling_2016-11-05,60.273
Dongsi_2016-11-05,60.273
Guanyuan_2016-11-05,60.273
Gucheng_2016-11-05,60.273
Huairou_2016-11-05,60.273
Nongzhanguan_2016-11-05,60.273
Shunyi_2016-11-05,60.273
Tiantan_2016-11-05,60.273
Wanliu_2016-11-05,60.273
Wanshouxigong_2016-11-05,60.273
Aotizhongxin_2016-11-06,60.273
Changping_2016-11-06,60.273
Dingling_2016-11-06,60.273
Dongsi_2016-11-06,60.273
Guanyuan_2016-11-06,60.273
Gucheng_2016-11-06,60.273
Huairou_2016-11-06,60.273
Nongzhanguan_2016-11-06,60.273
Shunyi_2016-11-06,60.273
Tiantan_2016-11-06,60.273
Wanliu_2016-11-06,60.273
Wanshouxigong_2016-11-06,60.273
Aotizhongxin_2016-11-07,60.273
Changping_2016-11-07,60.273
Dingling_2016-11-07,60.273
Dongsi_2016-11-07,60.273
Guanyuan_2016-11-07,60.273
Gucheng_2016-11-07,60.273
Huairou_2016-11-07,60.273
Nongzhanguan_2016-11-07,60.273
Shunyi_2016-11-07,60.273
Tiantan_2016-11-07,60.273
Wanliu_2016-11-07,60.273
Wanshouxigong_2016-11-07,60.273
Aotizhongxin_2016-11-08,60.273
Changping_2016-11-08,60.273
Dingling_2016-11-08,60.273
Dongsi_2016-11-08,60.273
Guanyuan_2016-11-08,60.273
Gucheng_2016-11-08,60.273
Huairou_2016-11-08,60.273
Nongzhanguan_2016-11-08,60.273
Shunyi_2016-11-08,60.273
Tiantan_2016-11-08,60.273
Wanliu_2016-11-08,60.273
Wanshouxigong_2016-11-08,60.273
Aotizhongxin_2016-11-09,60.273
Changping_2016-11-09,60.273
Dingling_2016-11-09,60.273
Dongsi_2016-11-09,60.273
Guanyuan_2016-11-09,60.273
Gucheng_2016-11-09,60.273
Huairou_2016-11-09,60.273
Nongzhanguan_2016-11-09,60.273
Shunyi_2016-11-09,60.273
Tiantan_2016-11-09,60.273
Wanliu_2016-11-09,60.273
Wanshouxigong_2016-11-09,60.273
Aotizhongxin_2016-11-10,60.273
Changping_2016-11-10,60.273
Dingling_2016-11-10,60.273
Dongsi_2016-11-10,60.273
Guanyuan_2016-11-10,60.273
Gucheng_2016-11-10,60.273
Huairou_2016-11-10,60.273
Nongzhanguan_2016-11-10,60.273
Shunyi_2016-11-10,60.273
Tiantan_2016-11-10,60.273
Wanliu_2016-11-10,60.273
Wanshouxigong_2016-11-10,60.273
Aotizhongxin_2016-11-11,60.273
Changping_2016-11-11,60.273
Dingling_2016-11-11,60.273
Dongsi_2016-11-11,60.273
Guanyuan_2016-11-11,60.273
Gucheng_2016-11-11,60.273
Huairou_2016-11-11,60.273
Nongzhanguan_2016-11-11,60.273
Shunyi_2016-11-11,60.273
Tiantan_2016-11-11,60.273
Wanliu_2016-11-11,60.273
Wanshouxigong_2016-11-11,60.273
Aotizhongxin_2016-11-12,60.273
Changping_2016-11-12,60.273
Dingling_2016-11-12,60.273
Dongsi_2016-11-12,60.273
Guanyuan_2016-11-12,60.273
Gucheng_2016-11-12,60.273
Huairou_2016-11-12,60.273
Nongzhanguan_2016-11-12,60.273
Shunyi_2016-11-12,60.273
Tiantan_2016-11-12,60.273
Wanliu_2016-11-12,60.273
Wanshouxigong_2016-11-12,60.273
Aotizhongxin_2016-11-13,60.273
Changping_2016-11-13,60.273
Dingling_2016-11-13,60.273
Dongsi_2016-11-13,60.273
Guanyuan_2016-11-13,60.273
Gucheng_2016-11-13,60.273
Huairou_2016-11-13,60.273
Nongzhanguan_2016-11-13,60.273
Shunyi_2016-11-13,60.273
Tiantan_2016-11-13,60.273
Wanliu_2016-11-13,60.273
Wanshouxigong_2016-11-13,60.273
Aotizhongxin_2016-11-14,60.273
Changping_2016-11-14,60.273
Dingling_2016-11-14,60.273
Dongsi_2016-11-14,60.273
Guanyuan_2016-11-14,60.273
Gucheng_2016-11-14,60.273
Huairou_2016-11-14,60.273
Nongzhanguan_2016-11-14,60.273
Shunyi_2016-11-14,60.273
Tiantan_2016-11-14,60.273
Wanliu_2016-11-14,60.273
Wanshouxigong_2016-11-14,60.273
Aotizhongxin_2016-11-15,60.273
Changping_2016-11-15,60.273
Dingling_2016-11-15,60.273
Dongsi_2016-11-15,60.273
Guanyuan_2016-11-15,60.273
Gucheng_2016-11-15,60.273
Huairou_2016-11-15,60.273
Nongzhanguan_2016-11-15,60.273
Shunyi_2016-11-15,60.273
Tiantan_2016-11-15,60.273
Wanliu_2016-11-15,60.273
Wanshouxigong_2016-11-15,60.273
Aotizhongxin_2016-11-16,60.273
Changping_2016-11-16,60.273
Dingling_2016-11-16,60.273
Dongsi_2016-11-16,60.273
Guanyuan_2016-11-16,60.273
Gucheng_2016-11-16,60.273
Huairou_2016-11-16,60.273
Nongzhanguan_2016-11-16,60.273
Shunyi_2016-11-16,60.273
Tiantan_2016-11-16,60.273
Wanliu_2016-11-16,60.273
Wanshouxigong_2016-11-16,60.273
Aotizhongxin_2016-11-17,60.273
Changping_2016-11-17,60.273
Dingling_2016-11-17,60.273
Dongsi_2016-11-17,60.273
Guanyuan_2016-11-17,60.273
Gucheng_2016-11-17,60.273
Huairou_2016-11-17,60.273
Nongzhanguan_2016-11-17,60.273
Shunyi_2016-11-17,60.273
Tiantan_2016-11-17,60.273
Wanliu_2016-11-17,60.273
Wanshouxigong_2016-11-17,60.273
Aotizhongxin_2016-11-18,60.273
Changping_2016-11-18,60.273
Dingling_2016-11-18,60.273
Dongsi_2016-11-18,60.273
Guanyuan_2016-11-18,60.273
Gucheng_2016-11-18,60.273
Huairou_2016-11-18,60.273
Nongzhanguan_2016-11-18,60.273
Shunyi_2016-11-18,60.273
Tiantan_2016-11-18,60.273
Wanliu_2016-11-18,60.273
Wanshouxigong_2016-11-18,60.273
Aotizhongxin_2016-11-19,60.273
Changping_2016-11-19,60.273
Dingling_2016-11-19,60.273
Dongsi_2016-11-19,60.273
Guanyuan_2016-11-19,60.273
Gucheng_2016-11-19,60.273
Huairou_2016-11-19,60.273
Nongzhanguan_2016-11-19,60.273
Shunyi_2016-11-19,60.273
Tiantan_2016-11-19,60.273
Wanliu_2016-11-19,60.273
Wanshouxigong_2016-11-19,60.273
Aotizhongxin_2016-11-20,60.273
Changping_2016-11-20,60.273
Dingling_2016-11-20,60.273
Dongsi_2016-11-20,60.273
Guanyuan_2016-11-20,60.273
Gucheng_2016-11-20,60.273
Huairou_2016-11-20,60.273
Nongzhanguan_2016-11-20,60.273
Shunyi_2016-11-20,60.273
Tiantan_2016-11-20,60.273
Wanliu_2016-11-20,60.273
Wanshouxigong_2016-11-20,60.273
Aotizhongxin_2016-11-21,60.273
Changping_2016-11-21,60.273
Dingling_2016-11-21,60.273
Dongsi_2016-11-21,60.273
Guanyuan_2016-11-21,60.273
Gucheng_2016-11-21,60.273
Huairou_2016-11-21,60.273
Nongzhanguan_2016-11-21,60.273
Shunyi_2016-11-21,60.273
Tiantan_2016-11-21,60.273
Wanliu_2016-11-21,60.273
Wanshouxigong_2016-11-21,60.273
Aotizhongxin_2016-11-22,60.273
Changping_2016-11-22,60.273
Dingling_2016-11-22,60.273
Dongsi_2016-11-22,60.273
Guanyuan_2016-11-22,60.273
Gucheng_2016-11-22,60.273
Huairou_2016-11-22,60.273
Nongzhanguan_2016-11-22,60.273
Shunyi_2016-11-22,60.273
Tiantan_2016-11-22,60.273
Wanliu_2016-11-22,60.273
Wanshouxigong_2016-11-22,60.273
Aotizhongxin_2016-11-23,60.273
Changping_2016-11-23,60.273
Dingling_2016-11-23,60.273
Dongsi_2016-11-23,60.273
Guanyuan_2016-11-23,60.273
Gucheng_2016-11-23,60.273
Huairou_2016-11-23,60.273
Nongzhanguan_2016-11-23,60.273
Shunyi_2016-11-23,60.273
Tiantan_2016-11-23,60.273
Wanliu_2016-11-23,60.273
Wanshouxigong_2016-11-23,60.273
Aotizhongxin_2016-11-24,60.273
Changping_2016-11-24,60.273
Dingling_2016-11-24,60.273
Dongsi_2016-11-24,60.273
Guanyuan_2016-11-24,60.273
Gucheng_2016-11-24,60.273
Huairou_2016-11-24,60.273
Nongzhanguan_2016-11-24,60.273
Shunyi_2016-11-24,60.273
Tiantan_2016-11-24,60.273
Wanliu_2016-11-24,60.273
Wanshouxigong_2016-11-24,60.273
Aotizhongxin_2016-11-25,60.273
Changping_2016-11-25,60.273
Dingling_2016-11-25,60.273
Dongsi_2016-11-25,60.273
Guanyuan_2016-11-25,60.273
Gucheng_2016-11-25,60.273
Huairou_2016-11-25,60.273
Nongzhanguan_2016-11-25,60.273
Shunyi_2016-11-25,60.273
Tiantan_2016-11-25,60.273
Wanliu_2016-11-25,60.273
Wanshouxigong_2016-11-25,60.273
Aotizhongxin_2016-11-26,60.273
Changping_2016-11-26,60.273
Dingling_2016-11-26,60.273
Dongsi_2016-11-26,60.273
Guanyuan_2016-11-26,60.273
Gucheng_2016-11-26,60.273
Huairou_2016-11-26,60.273
Nongzhanguan_2016-11-26,60.273
Shunyi_2016-11-26,60.273
Tiantan_2016-11-26,60.273
Wanliu_2016-11-26,60.273
Wanshouxigong_2016-11-26,60.273
Aotizhongxin_2016-11-27,60.273
Changping_2016-11-27,60.273
Dingling_2016-11-27,60.273
Dongsi_2016-11-27,60.273
Guanyuan_2016-11-27,60.273
Gucheng_2016-11-27,60.273
Huairou_2016-11-27,60.273
Nongzhanguan_2016-11-27,60.273
Shunyi_2016-11-27,60.273
Tiantan_2016-11-27,60.273
Wanliu_2016-11-27,60.273
Wanshouxigong_2016-11-27,60.273
Aotizhongxin_2016-11-28,60.273
Changping_2016-11-28,60.273
Dingling_2016-11-28,60.273
Dongsi_2016-11-28,60.273
Guanyuan_2016-11-28,60.273
Gucheng_2016-11-28,60.273
Huairou_2016-11-28,60.273
Nongzhanguan_2016-11-28,60.273
Shunyi_2016-11-28,60.273
Tiantan_2016-11-28,60.273
Wanliu_2016-11-28,60.273
Wanshouxigong_2016-11-28,60.273
Aotizhongxin_2016-11-29,60.273
Changping_2016-11-29,60.273
Dingling_2016-11-29,60.273
Dongsi_2016-11-29,60.273
Guanyuan_2016-11-29,60.273
Gucheng_2016-11-29,60.273
Huairou_2016-11-29,60.273
Nongzhanguan_2016-11-29,60.273
Shunyi_2016-11-29,60.273
Tiantan_2016-11-29,60.273
Wanliu_2016-11-29,60.273
Wanshouxigong_2016-11-29,60.273
Aotizhongxin_2016-11-30,60.273
Changping_2016-11-30,60.273
Dingling_2016-11-30,60.273
Dongsi_2016-11-30,60.273
Guanyuan_2016-11-30,60.273
Gucheng_2016-11-30,60.273
Huairou_2016-11-30,60.273
Nongzhanguan_2016-11-30,60.273
Shunyi_2016-11-30,60.273
Tiantan_2016-11-30,60.273
Wanliu_2016-11-30,60.273
Wanshouxigong_2016-11-30,60.273
Aotizhongxin_2016-12-01,60.273
Changping_2016-12-01,60.273
Dingling_2016-12-01,60.273
Dongsi_2016-12-01,60.273
Guanyuan_2016-12-01,60.273
Gucheng_2016-12-01,60.273
Huairou_2016-12-01,60.273
Nongzhanguan_2016-12-01,60.273
Shunyi_2016-12-01,60.273
Tiantan_2016-12-01,60.273
Wanliu_2016-12-01,60.273
Wanshouxigong_2016-12-01,60.273
Aotizhongxin_2016-12-02,60.273
Changping_2016-12-02,60.273
Dingling_2016-12-02,60.273
Dongsi_2016-12-02,60.273
Guanyuan_2016-12-02,60.273
Gucheng_2016-12-02,60.273
Huairou_2016-12-02,60.273
Nongzhanguan_2016-12-02,60.273
Shunyi_2016-12-02,60.273
Tiantan_2016-12-02,60.273
Wanliu_2016-12-02,60.273
Wanshouxigong_2016-12-02,60.273
Aotizhongxin_2016-12-03,60.273
Changping_2016-12-03,60.273
Dingling_2016-12-03,60.273
Dongsi_2016-12-03,60.273
Guanyuan_2016-12-03,60.273
Gucheng_2016-12-03,60.273
Huairou_2016-12-03,60.273
Nongzhanguan_2016-12-03,60.273
Shunyi_2016-12-03,60.273
Tiantan_2016-12-03,60.273
Wanliu_2016-12-03,60.273
Wanshouxigong_2016-12-03,60.273
Aotizhongxin_2016-12-04,60.273
Changping_2016-12-04,60.273
Dingling_2016-12-04,60.273
Dongsi_2016-12-04,60.273
Guanyuan_2016-12-04,60.273
Gucheng_2016-12-04,60.273
Huairou_2016-12-04,60.273
Nongzhanguan_2016-12-04,60.273
Shunyi_2016-12-04,60.273
Tiantan_2016-12-04,60.273
Wanliu_2016-12-04,60.273
Wanshouxigong_2016-12-04,60.273
Aotizhongxin_2016-12-05,60.273
Changping_2016-12-05,60.273
Dingling_2016-12-05,60.273
Dongsi_2016-12-05,60.273
Guanyuan_2016-12-05,60.273
Gucheng_2016-12-05,60.273
Huairou_2016-12-05,60.273
Nongzhanguan_2016-12-05,60.273
Shunyi_2016-12-05,60.273
Tiantan_2016-12-05,60.273
Wanliu_2016-12-05,60.273
Wanshouxigong_2016-12-05,60.273
Aotizhongxin_2016-12-06,60.273
Changping_2016-12-06,60.273
Dingling_2016-12-06,60.273
Dongsi_2016-12-06,60.273
Guanyuan_2016-12-06,60.273
Gucheng_2016-12-06,60.273
Huairou_2016-12-06,60.273
Nongzhanguan_2016-12-06,60.273
Shunyi_2016-12-06,60.273
Tiantan_2016-12-06,60.273
Wanliu_2016-12-06,60.273
Wanshouxigong_2016-12-06,60.273
Aotizhongxin_2016-12-07,60.273
Changping_2016-12-07,60.273
Dingling_2016-12-07,60.273
Dongsi_2016-12-07,60.273
Guanyuan_2016-12-07,60.273
Gucheng_2016-12-07,60.273
Huairou_2016-12-07,60.273
Nongzhanguan_2016-12-07,60.273
Shunyi_2016-12-07,60.273
Tiantan_2016-12-07,60.273
Wanliu_2016-12-07,60.273
Wanshouxigong_2016-12-07,60.273
Aotizhongxin_2016-12-08,60.273
Changping_2016-12-08,60.273
Dingling_2016-12-08,60.273
Dongsi_2016-12-08,60.273
Guanyuan_2016-12-08,60.273
Gucheng_2016-12-08,60.273
Huairou_2016-12-08,60.273
Nongzhanguan_2016-12-08,60.273
Shunyi_2016-12-08,60.273
Tiantan_2016-12-08,60.273
Wanliu_2016-12-08,60.273
Wanshouxigong_2016-12-08,60.273
Aotizhongxin_2016-12-09,60.273
Changping_2016-12-09,60.273
Dingling_2016-12-09,60.273
Dongsi_2016-12-09,60.273
Guanyuan_2016-12-09,60.273
Gucheng_2016-12-09,60.273
Huairou_2016-12-09,60.273
Nongzhanguan_2016-12-09,60.273
Shunyi_2016-12-09,60.273
Tiantan_2016-12-09,60.273
Wanliu_2016-12-09,60.273
Wanshouxigong_2016-12-09,60.273
Aotizhongxin_2016-12-10,60.273
Changping_2016-12-10,60.273
Dingling_2016-12-10,60.273
Dongsi_2016-12-10,60.273
Guanyuan_2016-12-10,60.273
Gucheng_2016-12-10,60.273
Huairou_2016-12-10,60.273
Nongzhanguan_2016-12-10,60.273
Shunyi_2016-12-10,60.273
Tiantan_2016-12-10,60.273
Wanliu_2016-12-10,60.273
Wanshouxigong_2016-12-10,60.273
Aotizhongxin_2016-12-11,60.273
Changping_2016-12-11,60.273
Dingling_2016-12-11,60.273
Dongsi_2016-12-11,60.273
Guanyuan_2016-12-11,60.273
Gucheng_2016-12-11,60.273
Huairou_2016-12-11,60.273
Nongzhanguan_2016-12-11,60.273
Shunyi_2016-12-11,60.273
Tiantan_2016-12-11,60.273
Wanliu_2016-12-11,60.273
Wanshouxigong_2016-12-11,60.273
Aotizhongxin_2016-12-12,60.273
Changping_2016-12-12,60.273
Dingling_2016-12-12,60.273
Dongsi_2016-12-12,60.273
Guanyuan_2016-12-12,60.273
Gucheng_2016-12-12,60.273
Huairou_2016-12-12,60.273
Nongzhanguan_2016-12-12,60.273
Shunyi_2016-12-12,60.273
Tiantan_2016-12-12,60.273
Wanliu_2016-12-12,60.273
Wanshouxigong_2016-12-12,60.273
Aotizhongxin_2016-12-13,60.273
Changping_2016-12-13,60.273
Dingling_2016-12-13,60.273
Dongsi_2016-12-13,60.273
Guanyuan_2016-12-13,60.273
Gucheng_2016-12-13,60.273
Huairou_2016-12-13,60.273
Nongzhanguan_2016-12-13,60.273
Shunyi_2016-12-13,60.273
Tiantan_2016-12-13,60.273
Wanliu_2016-12-13,60.273
Wanshouxigong_2016-12-13,60.273
Aotizhongxin_2016-12-14,60.273
Changping_2016-12-14,60.273
Dingling_2016-12-14,60.273
Dongsi_2016-12-14,60.273
Guanyuan_2016-12-14,60.273
Gucheng_2016-12-14,60.273
Huairou_2016-12-14,60.273
Nongzhanguan_2016-12-14,60.273
Shunyi_2016-12-14,60.273
Tiantan_2016-12-14,60.273
Wanliu_2016-12-14,60.273
Wanshouxigong_2016-12-14,60.273
Aotizhongxin_2016-12-15,60.273
Changping_2016-12-15,60.273
Dingling_2016-12-15,60.273
Dongsi_2016-12-15,60.273
Guanyuan_2016-12-15,60.273
Gucheng_2016-12-15,60.273
Huairou_2016-12-15,60.273
Nongzhanguan_2016-12-15,60.273
Shunyi_2016-12-15,60.273
Tiantan_2016-12-15,60.273
Wanliu_2016-12-15,60.273
Wanshouxigong_2016-12-15,60.273
Aotizhongxin_2016-12-16,60.273
Changping_2016-12-16,60.273
Dingling_2016-12-16,60.273
Dongsi_2016-12-16,60.273
Guanyuan_2016-12-16,60.273
Gucheng_2016-12-16,60.273
Huairou_2016-12-16,60.273
Nongzhanguan_2016-12-16,60.273
Shunyi_2016-12-16,60.273
Tiantan_2016-12-16,60.273
Wanliu_2016-12-16,60.273
Wanshouxigong_2016-12-16,60.273
Aotizhongxin_2016-12-17,60.273
Changping_2016-12-17,60.273
Dingling_2016-12-17,60.273
Dongsi_2016-12-17,60.273
Guanyuan_2016-12-17,60.273
Gucheng_2016-12-17,60.273
Huairou_2016-12-17,60.273
Nongzhanguan_2016-12-17,60.273
Shunyi_2016-12-17,60.273
Tiantan_2016-12-17,60.273
Wanliu_2016-12-17,60.273
Wanshouxigong_2016-12-17,60.273
Aotizhongxin_2016-12-18,60.273
Changping_2016-12-18,60.273
Dingling_2016-12-18,60.273
Dongsi_2016-12-18,60.273
Guanyuan_2016-12-18,60.273
Gucheng_2016-12-18,60.273
Huairou_2016-12-18,60.273
Nongzhanguan_2016-12-18,60.273
Shunyi_2016-12-18,60.273
Tiantan_2016-12-18,60.273
Wanliu_2016-12-18,60.273
Wanshouxigong_2016-12-18,60.273
Aotizhongxin_2016-12-19,60.273
Changping_2016-12-19,60.273
Dingling_2016-12-19,60.273
Dongsi_2016-12-19,60.273
Guanyuan_2016-12-19,60.273
Gucheng_2016-12-19,60.273
Huairou_2016-12-19,60.273
Nongzhanguan_2016-12-19,60.273
Shunyi_2016-12-19,60.273
Tiantan_2016-12-19,60.273
Wanliu_2016-12-19,60.273
Wanshouxigong_2016-12-19,60.273
Aotizhongxin_2016-12-20,60.273
Changping_2016-12-20,60.273
Dingling_2016-12-20,60.273
Dongsi_2016-12-20,60.273
Guanyuan_2016-12-20,60.273
Gucheng_2016-12-20,60.273
Huairou_2016-12-20,60.273
Nongzhanguan_2016-12-20,60.273
Shunyi_2016-12-20,60.273
Tiantan_2016-12-20,60.273
Wanliu_2016-12-20,60.273
Wanshouxigong_2016-12-20,60.273
Aotizhongxin_2016-12-21,60.273
Changping_2016-12-21,60.273
Dingling_2016-12-21,60.273
Dongsi_2016-12-21,60.273
Guanyuan_2016-12-21,60.273
Gucheng_2016-12-21,60.273
Huairou_2016-12-21,60.273
Nongzhanguan_2016-12-21,60.273
Shunyi_2016-12-21,60.273
Tiantan_2016-12-21,60.273
Wanliu_2016-12-21,60.273
Wanshouxigong_2016-12-21,60.273
Aotizhongxin_2016-12-22,60.273
Changping_2016-12-22,60.273
Dingling_2016-12-22,60.273
Dongsi_2016-12-22,60.273
Guanyuan_2016-12-22,60.273
Gucheng_2016-12-22,60.273
Huairou_2016-12-22,60.273
Nongzhanguan_2016-12-22,60.273
Shunyi_2016-12-22,60.273
Tiantan_2016-12-22,60.273
Wanliu_2016-12-22,60.273
Wanshouxigong_2016-12-22,60.273
Aotizhongxin_2016-12-23,60.273
Changping_2016-12-23,60.273
Dingling_2016-12-23,60.273
Dongsi_2016-12-23,60.273
Guanyuan_2016-12-23,60.273
Gucheng_2016-12-23,60.273
Huairou_2016-12-23,60.273
Nongzhanguan_2016-12-23,60.273
Shunyi_2016-12-23,60.273
Tiantan_2016-12-23,60.273
Wanliu_2016-12-23,60.273
Wanshouxigong_2016-12-23,60.273
Aotizhongxin_2016-12-24,60.273
Changping_2016-12-24,60.273
Dingling_2016-12-24,60.273
Dongsi_2016-12-24,60.273
Guanyuan_2016-12-24,60.273
Gucheng_2016-12-24,60.273
Huairou_2016-12-24,60.273
Nongzhanguan_2016-12-24,60.273
Shunyi_2016-12-24,60.273
Tiantan_2016-12-24,60.273
Wanliu_2016-12-24,60.273
Wanshouxigong_2016-12-24,60.273
Aotizhongxin_2016-12-25,60.273
Changping_2016-12-25,60.273
Dingling_2016-12-25,60.273
Dongsi_2016-12-25,60.273
Guanyuan_2016-12-25,60.273
Gucheng_2016-12-25,60.273
Huairou_2016-12-25,60.273
Shunyi_2016-12-25,60.273
Tiantan_2016-12-25,60.273
Wanliu_2016-12-25,60.273
Wanshouxigong_2016-12-25,60.273
Aotizhongxin_2016-12-26,60.273
Changping_2016-12-26,60.273
Dingling_2016-12-26,60.273
Dongsi_2016-12-26,60.273
Guanyuan_2016-12-26,60.273
Gucheng_2016-12-26,60.273
Huairou_2016-12-26,60.273
Nongzhanguan_2016-12-26,60.273
Shunyi_2016-12-26,60.273
Tiantan_2016-12-26,60.273
Wanliu_2016-12-26,60.273
Wanshouxigong_2016-12-26,60.273
Aotizhongxin_2016-12-27,60.273
Changping_2016-12-27,60.273
Dingling_2016-12-27,60.273
Dongsi_2016-12-27,60.273
Guanyuan_2016-12-27,60.273
Gucheng_2016-12-27,60.273
Huairou_2016-12-27,60.273
Nongzhanguan_2016-12-27,60.273
Shunyi_2016-12-27,60.273
Tiantan_2016-12-27,60.273
Wanliu_2016-12-27,60.273
Wanshouxigong_2016-12-27,60.273
Aotizhongxin_2016-12-28,60.273
Changping_2016-12-28,60.273
Dingling_2016-12-28,60.273
Dongsi_2016-12-28,60.273
Guanyuan_2016-12-28,60.273
Gucheng_2016-12-28,60.273
Huairou_2016-12-28,60.273
Nongzhanguan_2016-12-28,60.273
Shunyi_2016-12-28,60.273
Tiantan_2016-12-28,60.273
Wanliu_2016-12-28,60.273
Wanshouxigong_2016-12-28,60.273
Aotizhongxin_2016-12-29,60.273
Changping_2016-12-29,60.273
Dingling_2016-12-29,60.273
Dongsi_2016-12-29,60.273
Guanyuan_2016-12-29,60.273
Gucheng_2016-12-29,60.273
Huairou_2016-12-29,60.273
Nongzhanguan_2016-12-29,60.273
Shunyi_2016-12-29,60.273
Tiantan_2016-12-29,60.273
Wanliu_2016-12-29,60.273
Wanshouxigong_2016-12-29,60.273
Aotizhongxin_2016-12-30,60.273
Changping_2016-12-30,60.273
Dingling_2016-12-30,60.273
Dongsi_2016-12-30,60.273
Guanyuan_2016-12-30,60.273
Gucheng_2016-12-30,60.273
Huairou_2016-12-30,60.273
Nongzhanguan_2016-12-30,60.273
Shunyi_2016-12-30,60.273
Tiantan_2016-12-30,60.273
Wanliu_2016-12-30,60.273
Wanshouxigong_2016-12-30,60.273
Aotizhongxin_2016-12-31,60.273
Changping_2016-12-31,60.273
Dingling_2016-12-31,60.273
Dongsi_2016-12-31,60.273
Guanyuan_2016-12-31,60.273
Gucheng_2016-12-31,60.273
Huairou_2016-12-31,60.273
Nongzhanguan_2016-12-31,60.273
Shunyi_2016-12-31,60.273
Tiantan_2016-12-31,60.273
Wanliu_2016-12-31,60.273
Wanshouxigong_2016-12-31,60.273
Aotizhongxin_2017-01-01,60.273
Changping_2017-01-01,60.273
Dingling_2017-01-01,60.273
Dongsi_2017-01-01,60.273
Guanyuan_2017-01-01,60.273
Gucheng_2017-01-01,60.273
Huairou_2017-01-01,60.273
Nongzhanguan_2017-01-01,60.273
Shunyi_2017-01-01,60.273
Tiantan_2017-01-01,60.273
Wanliu_2017-01-01,60.273
Wanshouxigong_2017-01-01,60.273
Aotizhongxin_2017-01-02,60.273
Changping_2017-01-02,60.273
Dingling_2017-01-02,60.273
Dongsi_2017-01-02,60.273
Guanyuan_2017-01-02,60.273
Gucheng_2017-01-02,60.273
Huairou_2017-01-02,60.273
Nongzhanguan_2017-01-02,60.273
Shunyi_2017-01-02,60.273
Tiantan_2017-01-02,60.273
Wanliu_2017-01-02,60.273
Wanshouxigong_2017-01-02,60.273
Aotizhongxin_2017-01-03,60.273
Changping_2017-01-03,60.273
Dingling_2017-01-03,60.273
Dongsi_2017-01-03,60.273
Gucheng_2017-01-03,60.273
Huairou_2017-01-03,60.273
Nongzhanguan_2017-01-03,60.273
Shunyi_2017-01-03,60.273
Tiantan_2017-01-03,60.273
Wanliu_2017-01-03,60.273
Wanshouxigong_2017-01-03,60.273
Aotizhongxin_2017-01-04,60.273
Changping_2017-01-04,60.273
Dingling_2017-01-04,60.273
Dongsi_2017-01-04,60.273
Gucheng_2017-01-04,60.273
Huairou_2017-01-04,60.273
Nongzhanguan_2017-01-04,60.273
Shunyi_2017-01-04,60.273
Tiantan_2017-01-04,60.273
Wanliu_2017-01-04,60.273
Wanshouxigong_2017-01-04,60.273
Aotizhongxin_2017-01-05,60.273
Changping_2017-01-05,60.273
Dingling_2017-01-05,60.273
Dongsi_2017-01-05,60.273
Guanyuan_2017-01-05,60.273
Gucheng_2017-01-05,60.273
Huairou_2017-01-05,60.273
Nongzhanguan_2017-01-05,60.273
Shunyi_2017-01-05,60.273
Tiantan_2017-01-05,60.273
Wanliu_2017-01-05,60.273
Wanshouxigong_2017-01-05,60.273
Aotizhongxin_2017-01-06,60.273
Changping_2017-01-06,60.273
Dingling_2017-01-06,60.273
Dongsi_2017-01-06,60.273
Guanyuan_2017-01-06,60.273
Gucheng_2017-01-06,60.273
Huairou_2017-01-06,60.273
Nongzhanguan_2017-01-06,60.273
Shunyi_2017-01-06,60.273
Tiantan_2017-01-06,60.273
Wanliu_2017-01-06,60.273
Wanshouxigong_2017-01-06,60.273
Aotizhongxin_2017-01-07,60.273
Changping_2017-01-07,60.273
Dingling_2017-01-07,60.273
Dongsi_2017-01-07,60.273
Guanyuan_2017-01-07,60.273
Gucheng_2017-01-07,60.273
Huairou_2017-01-07,60.273
Nongzhanguan_2017-01-07,60.273
Shunyi_2017-01-07,60.273
Tiantan_2017-01-07,60.273
Wanliu_2017-01-07,60.273
Wanshouxigong_2017-01-07,60.273
Aotizhongxin_2017-01-08,60.273
Changping_2017-01-08,60.273
Dingling_2017-01-08,60.273
Dongsi_2017-01-08,60.273
Guanyuan_2017-01-08,60.273
Gucheng_2017-01-08,60.273
Huairou_2017-01-08,60.273
Nongzhanguan_2017-01-08,60.273
Shunyi_2017-01-08,60.273
Tiantan_2017-01-08,60.273
Wanliu_2017-01-08,60.273
Wanshouxigong_2017-01-08,60.273
Aotizhongxin_2017-01-09,60.273
Changping_2017-01-09,60.273
Dingling_2017-01-09,60.273
Dongsi_2017-01-09,60.273
Guanyuan_2017-01-09,60.273
Gucheng_2017-01-09,60.273
Huairou_2017-01-09,60.273
Nongzhanguan_2017-01-09,60.273
Shunyi_2017-01-09,60.273
Tiantan_2017-01-09,60.273
Wanliu_2017-01-09,60.273
Wanshouxigong_2017-01-09,60.273
Aotizhongxin_2017-01-10,60.273
Changping_2017-01-10,60.273
Dingling_2017-01-10,60.273
Dongsi_2017-01-10,60.273
Guanyuan_2017-01-10,60.273
Gucheng_2017-01-10,60.273
Huairou_2017-01-10,60.273
Nongzhanguan_2017-01-10,60.273
Shunyi_2017-01-10,60.273
Tiantan_2017-01-10,60.273
Wanliu_2017-01-10,60.273
Wanshouxigong_2017-01-10,60.273
Aotizhongxin_2017-01-11,60.273
Changping_2017-01-11,60.273
Dingling_2017-01-11,60.273
Dongsi_2017-01-11,60.273
Guanyuan_2017-01-11,60.273
Gucheng_2017-01-11,60.273
Huairou_2017-01-11,60.273
Nongzhanguan_2017-01-11,60.273
Shunyi_2017-01-11,60.273
Tiantan_2017-01-11,60.273
Wanliu_2017-01-11,60.273
Wanshouxigong_2017-01-11,60.273
Aotizhongxin_2017-01-12,60.273
Changping_2017-01-12,60.273
Dingling_2017-01-12,60.273
Dongsi_2017-01-12,60.273
Guanyuan_2017-01-12,60.273
Gucheng_2017-01-12,60.273
Huairou_2017-01-12,60.273
Nongzhanguan_2017-01-12,60.273
Shunyi_2017-01-12,60.273
Tiantan_2017-01-12,60.273
Wanliu_2017-01-12,60.273
Wanshouxigong_2017-01-12,60.273
Aotizhongxin_2017-01-13,60.273
Changping_2017-01-13,60.273
Dingling_2017-01-13,60.273
Dongsi_2017-01-13,60.273
Guanyuan_2017-01-13,60.273
Gucheng_2017-01-13,60.273
Huairou_2017-01-13,60.273
Nongzhanguan_2017-01-13,60.273
Shunyi_2017-01-13,60.273
Tiantan_2017-01-13,60.273
Wanliu_2017-01-13,60.273
Wanshouxigong_2017-01-13,60.273
Aotizhongxin_2017-01-14,60.273
Changping_2017-01-14,60.273
Dingling_2017-01-14,60.273
Dongsi_2017-01-14,60.273
Guanyuan_2017-01-14,60.273
Gucheng_2017-01-14,60.273
Huairou_2017-01-14,60.273
Nongzhanguan_2017-01-14,60.273
Shunyi_2017-01-14,60.273
Tiantan_2017-01-14,60.273
Wanliu_2017-01-14,60.273
Wanshouxigong_2017-01-14,60.273
Aotizhongxin_2017-01-15,60.273
Changping_2017-01-15,60.273
Dingling_2017-01-15,60.273
Dongsi_2017-01-15,60.273
Guanyuan_2017-01-15,60.273
Gucheng_2017-01-15,60.273
Huairou_2017-01-15,60.273
Nongzhanguan_2017-01-15,60.273
Shunyi_2017-01-15,60.273
Tiantan_2017-01-15,60.273
Wanliu_2017-01-15,60.273
Wanshouxigong_2017-01-15,60.273
Aotizhongxin_2017-01-16,60.273
Changping_2017-01-16,60.273
Dingling_2017-01-16,60.273
Dongsi_2017-01-16,60.273
Guanyuan_2017-01-16,60.273
Gucheng_2017-01-16,60.273
Huairou_2017-01-16,60.273
Nongzhanguan_2017-01-16,60.273
Shunyi_2017-01-16,60.273
Tiantan_2017-01-16,60.273
Wanliu_2017-01-16,60.273
Wanshouxigong_2017-01-16,60.273
Aotizhongxin_2017-01-17,60.273
Changping_2017-01-17,60.273
Dingling_2017-01-17,60.273
Dongsi_2017-01-17,60.273
Guanyuan_2017-01-17,60.273
Gucheng_2017-01-17,60.273
Huairou_2017-01-17,60.273
Nongzhanguan_2017-01-17,60.273
Shunyi_2017-01-17,60.273
Tiantan_2017-01-17,60.273
Wanliu_2017-01-17,60.273
Wanshouxigong_2017-01-17,60.273
Aotizhongxin_2017-01-18,60.273
Changping_2017-01-18,60.273
Dingling_2017-01-18,60.273
Dongsi_2017-01-18,60.273
Guanyuan_2017-01-18,60.273
Gucheng_2017-01-18,60.273
Huairou_2017-01-18,60.273
Nongzhanguan_2017-01-18,60.273
Shunyi_2017-01-18,60.273
Tiantan_2017-01-18,60.273
Wanliu_2017-01-18,60.273
Wanshouxigong_2017-01-18,60.273
Aotizhongxin_2017-01-19,60.273
Changping_2017-01-19,60.273
Dingling_2017-01-19,60.273
Dongsi_2017-01-19,60.273
Guanyuan_2017-01-19,60.273
Gucheng_2017-01-19,60.273
Huairou_2017-01-19,60.273
Nongzhanguan_2017-01-19,60.273
Shunyi_2017-01-19,60.273
Tiantan_2017-01-19,60.273
Wanliu_2017-01-19,60.273
Wanshouxigong_2017-01-19,60.273
Aotizhongxin_2017-01-20,60.273
Changping_2017-01-20,60.273
Dingling_2017-01-20,60.273
Dongsi_2017-01-20,60.273
Guanyuan_2017-01-20,60.273
Gucheng_2017-01-20,60.273
Huairou_2017-01-20,60.273
Nongzhanguan_2017-01-20,60.273
Shunyi_2017-01-20,60.273
Tiantan_2017-01-20,60.273
Wanliu_2017-01-20,60.273
Wanshouxigong_2017-01-20,60.273
Aotizhongxin_2017-01-21,60.273
Changping_2017-01-21,60.273
Dingling_2017-01-21,60.273
Dongsi_2017-01-21,60.273
Guanyuan_2017-01-21,60.273
Gucheng_2017-01-21,60.273
Huairou_2017-01-21,60.273
Nongzhanguan_2017-01-21,60.273
Shunyi_2017-01-21,60.273
Tiantan_2017-01-21,60.273
Wanliu_2017-01-21,60.273
Wanshouxigong_2017-01-21,60.273
Aotizhongxin_2017-01-22,60.273
Changping_2017-01-22,60.273
Dingling_2017-01-22,60.273
Dongsi_2017-01-22,60.273
Guanyuan_2017-01-22,60.273
Gucheng_2017-01-22,60.273
Huairou_2017-01-22,60.273
Nongzhanguan_2017-01-22,60.273
Shunyi_2017-01-22,60.273
Tiantan_2017-01-22,60.273
Wanliu_2017-01-22,60.273
Wanshouxigong_2017-01-22,60.273
Aotizhongxin_2017-01-23,60.273
Changping_2017-01-23,60.273
Dingling_2017-01-23,60.273
Dongsi_2017-01-23,60.273
Guanyuan_2017-01-23,60.273
Gucheng_2017-01-23,60.273
Huairou_2017-01-23,60.273
Nongzhanguan_2017-01-23,60.273
Shunyi_2017-01-23,60.273
Tiantan_2017-01-23,60.273
Wanliu_2017-01-23,60.273
Wanshouxigong_2017-01-23,60.273
Aotizhongxin_2017-01-24,60.273
Changping_2017-01-24,60.273
Dingling_2017-01-24,60.273
Dongsi_2017-01-24,60.273
Guanyuan_2017-01-24,60.273
Gucheng_2017-01-24,60.273
Huairou_2017-01-24,60.273
Nongzhanguan_2017-01-24,60.273
Shunyi_2017-01-24,60.273
Tiantan_2017-01-24,60.273
Wanliu_2017-01-24,60.273
Wanshouxigong_2017-01-24,60.273
Aotizhongxin_2017-01-25,60.273
Changping_2017-01-25,60.273
Dingling_2017-01-25,60.273
Dongsi_2017-01-25,60.273
Guanyuan_2017-01-25,60.273
Gucheng_2017-01-25,60.273
Huairou_2017-01-25,60.273
Nongzhanguan_2017-01-25,60.273
Shunyi_2017-01-25,60.273
Tiantan_2017-01-25,60.273
Wanliu_2017-01-25,60.273
Wanshouxigong_2017-01-25,60.273
Aotizhongxin_2017-01-26,60.273
Changping_2017-01-26,60.273
Dingling_2017-01-26,60.273
Dongsi_2017-01-26,60.273
Guanyuan_2017-01-26,60.273
Gucheng_2017-01-26,60.273
Huairou_2017-01-26,60.273
Nongzhanguan_2017-01-26,60.273
Shunyi_2017-01-26,60.273
Tiantan_2017-01-26,60.273
Wanliu_2017-01-26,60.273
Wanshouxigong_2017-01-26,60.273
Aotizhongxin_2017-01-27,60.273
Changping_2017-01-27,60.273
Dingling_2017-01-27,60.273
Dongsi_2017-01-27,60.273
Guanyuan_2017-01-27,60.273
Gucheng_2017-01-27,60.273
Huairou_2017-01-27,60.273
Nongzhanguan_2017-01-27,60.273
Shunyi_2017-01-27,60.273
Tiantan_2017-01-27,60.273
Wanliu_2017-01-27,60.273
Wanshouxigong_2017-01-27,60.273
Aotizhongxin_2017-01-28,60.273
Changping_2017-01-28,60.273
Dingling_2017-01-28,60.273
Dongsi_2017-01-28,60.273
Guanyuan_2017-01-28,60.273
Gucheng_2017-01-28,60.273
Huairou_2017-01-28,60.273
Nongzhanguan_2017-01-28,60.273
Shunyi_2017-01-28,60.273
Tiantan_2017-01-28,60.273
Wanliu_2017-01-28,60.273
Wanshouxigong_2017-01-28,60.273
Aotizhongxin_2017-01-29,60.273
Changping_2017-01-29,60.273
Dingling_2017-01-29,60.273
Dongsi_2017-01-29,60.273
Guanyuan_2017-01-29,60.273
Gucheng_2017-01-29,60.273
Huairou_2017-01-29,60.273
Nongzhanguan_2017-01-29,60.273
Shunyi_2017-01-29,60.273
Tiantan_2017-01-29,60.273
Wanliu_2017-01-29,60.273
Wanshouxigong_2017-01-29,60.273
Aotizhongxin_2017-01-30,60.273
Changping_2017-01-30,60.273
Dingling_2017-01-30,60.273
Dongsi_2017-01-30,60.273
Guanyuan_2017-01-30,60.273
Gucheng_2017-01-30,60.273
Huairou_2017-01-30,60.273
Nongzhanguan_2017-01-30,60.273
Shunyi_2017-01-30,60.273
Tiantan_2017-01-30,60.273
Wanliu_2017-01-30,60.273
Wanshouxigong_2017-01-30,60.273
Aotizhongxin_2017-01-31,60.273
Changping_2017-01-31,60.273
Dingling_2017-01-31,60.273
Dongsi_2017-01-31,60.273
Guanyuan_2017-01-31,60.273
Gucheng_2017-01-31,60.273
Huairou_2017-01-31,60.273
Nongzhanguan_2017-01-31,60.273
Shunyi_2017-01-31,60.273
Tiantan_2017-01-31,60.273
Wanliu_2017-01-31,60.273
Wanshouxigong_2017-01-31,60.273
Aotizhongxin_2017-02-01,60.273
Changping_2017-02-01,60.273
Dingling_2017-02-01,60.273
Dongsi_2017-02-01,60.273
Guanyuan_2017-02-01,60.273
Gucheng_2017-02-01,60.273
Huairou_2017-02-01,60.273
Nongzhanguan_2017-02-01,60.273
Shunyi_2017-02-01,60.273
Tiantan_2017-02-01,60.273
Wanliu_2017-02-01,60.273
Wanshouxigong_2017-02-01,60.273
Aotizhongxin_2017-02-02,60.273
Changping_2017-02-02,60.273
Dingling_2017-02-02,60.273
Guanyuan_2017-02-02,60.273
Gucheng_2017-02-02,60.273
Huairou_2017-02-02,60.273
Nongzhanguan_2017-02-02,60.273
Shunyi_2017-02-02,60.273
Tiantan_2017-02-02,60.273
Wanliu_2017-02-02,60.273
Wanshouxigong_2017-02-02,60.273
Aotizhongxin_2017-02-03,60.273
Changping_2017-02-03,60.273
Dingling_2017-02-03,60.273
Dongsi_2017-02-03,60.273
Guanyuan_2017-02-03,60.273
Gucheng_2017-02-03,60.273
Huairou_2017-02-03,60.273
Nongzhanguan_2017-02-03,60.273
Shunyi_2017-02-03,60.273
Tiantan_2017-02-03,60.273
Wanliu_2017-02-03,60.273
Wanshouxigong_2017-02-03,60.273
Aotizhongxin_2017-02-04,60.273
Changping_2017-02-04,60.273
Dingling_2017-02-04,60.273
Dongsi_2017-02-04,60.273
Guanyuan_2017-02-04,60.273
Gucheng_2017-02-04,60.273
Huairou_2017-02-04,60.273
Nongzhanguan_2017-02-04,60.273
Shunyi_2017-02-04,60.273
Tiantan_2017-02-04,60.273
Wanliu_2017-02-04,60.273
Wanshouxigong_2017-02-04,60.273
Aotizhongxin_2017-02-05,60.273
Changping_2017-02-05,60.273
Dingling_2017-02-05,60.273
Dongsi_2017-02-05,60.273
Guanyuan_2017-02-05,60.273
Gucheng_2017-02-05,60.273
Huairou_2017-02-05,60.273
Nongzhanguan_2017-02-05,60.273
Shunyi_2017-02-05,60.273
Tiantan_2017-02-05,60.273
Wanliu_2017-02-05,60.273
Wanshouxigong_2017-02-05,60.273
Aotizhongxin_2017-02-06,60.273
Changping_2017-02-06,60.273
Dingling_2017-02-06,60.273
Dongsi_2017-02-06,60.273
Guanyuan_2017-02-06,60.273
Gucheng_2017-02-06,60.273
Huairou_2017-02-06,60.273
Nongzhanguan_2017-02-06,60.273
Shunyi_2017-02-06,60.273
Tiantan_2017-02-06,60.273
Wanliu_2017-02-06,60.273
Wanshouxigong_2017-02-06,60.273
Aotizhongxin_2017-02-07,60.273
Changping_2017-02-07,60.273
Dingling_2017-02-07,60.273
Dongsi_2017-02-07,60.273
Guanyuan_2017-02-07,60.273
Gucheng_2017-02-07,60.273
Huairou_2017-02-07,60.273
Nongzhanguan_2017-02-07,60.273
Shunyi_2017-02-07,60.273
Tiantan_2017-02-07,60.273
Wanliu_2017-02-07,60.273
Wanshouxigong_2017-02-07,60.273
Aotizhongxin_2017-02-08,60.273
Changping_2017-02-08,60.273
Dingling_2017-02-08,60.273
Dongsi_2017-02-08,60.273
Guanyuan_2017-02-08,60.273
Gucheng_2017-02-08,60.273
Huairou_2017-02-08,60.273
Nongzhanguan_2017-02-08,60.273
Shunyi_2017-02-08,60.273
Tiantan_2017-02-08,60.273
Wanliu_2017-02-08,60.273
Wanshouxigong_2017-02-08,60.273
Aotizhongxin_2017-02-09,60.273
Changping_2017-02-09,60.273
Dingling_2017-02-09,60.273
Dongsi_2017-02-09,60.273
Guanyuan_2017-02-09,60.273
Gucheng_2017-02-09,60.273
Huairou_2017-02-09,60.273
Nongzhanguan_2017-02-09,60.273
Shunyi_2017-02-09,60.273
Tiantan_2017-02-09,60.273
Wanliu_2017-02-09,60.273
Wanshouxigong_2017-02-09,60.273
Aotizhongxin_2017-02-10,60.273
Changping_2017-02-10,60.273
Dingling_2017-02-10,60.273
Dongsi_2017-02-10,60.273
Guanyuan_2017-02-10,60.273
Gucheng_2017-02-10,60.273
Huairou_2017-02-10,60.273
Nongzhanguan_2017-02-10,60.273
Shunyi_2017-02-10,60.273
Tiantan_2017-02-10,60.273
Wanliu_2017-02-10,60.273
Wanshouxigong_2017-02-10,60.273
Aotizhongxin_2017-02-11,60.273
Changping_2017-02-11,60.273
Dingling_2017-02-11,60.273
Dongsi_2017-02-11,60.273
Guanyuan_2017-02-11,60.273
Gucheng_2017-02-11,60.273
Huairou_2017-02-11,60.273
Nongzhanguan_2017-02-11,60.273
Shunyi_2017-02-11,60.273
Tiantan_2017-02-11,60.273
Wanliu_2017-02-11,60.273
Wanshouxigong_2017-02-11,60.273
Aotizhongxin_2017-02-12,60.273
Changping_2017-02-12,60.273
Dingling_2017-02-12,60.273
Dongsi_2017-02-12,60.273
Guanyuan_2017-02-12,60.273
Gucheng_2017-02-12,60.273
Huairou_2017-02-12,60.273
Nongzhanguan_2017-02-12,60.273
Shunyi_2017-02-12,60.273
Tiantan_2017-02-12,60.273
Wanliu_2017-02-12,60.273
Wanshouxigong_2017-02-12,60.273
Aotizhongxin_2017-02-13,60.273
Changping_2017-02-13,60.273
Dingling_2017-02-13,60.273
Dongsi_2017-02-13,60.273
Guanyuan_2017-02-13,60.273
Gucheng_2017-02-13,60.273
Huairou_2017-02-13,60.273
Nongzhanguan_2017-02-13,60.273
Shunyi_2017-02-13,60.273
Tiantan_2017-02-13,60.273
Wanliu_2017-02-13,60.273
Wanshouxigong_2017-02-13,60.273
Aotizhongxin_2017-02-14,60.273
Changping_2017-02-14,60.273
Dingling_2017-02-14,60.273
Dongsi_2017-02-14,60.273
Guanyuan_2017-02-14,60.273
Gucheng_2017-02-14,60.273
Huairou_2017-02-14,60.273
Nongzhanguan_2017-02-14,60.273
Shunyi_2017-02-14,60.273
Tiantan_2017-02-14,60.273
Wanliu_2017-02-14,60.273
Wanshouxigong_2017-02-14,60.273
Aotizhongxin_2017-02-15,60.273
Changping_2017-02-15,60.273
Dingling_2017-02-15,60.273
Dongsi_2017-02-15,60.273
Guanyuan_2017-02-15,60.273
Gucheng_2017-02-15,60.273
Huairou_2017-02-15,60.273
Nongzhanguan_2017-02-15,60.273
Shunyi_2017-02-15,60.273
Tiantan_2017-02-15,60.273
Wanliu_2017-02-15,60.273
Wanshouxigong_2017-02-15,60.273
Aotizhongxin_2017-02-16,60.273
Changping_2017-02-16,60.273
Dingling_2017-02-16,60.273
Dongsi_2017-02-16,60.273
Guanyuan_2017-02-16,60.273
Gucheng_2017-02-16,60.273
Huairou_2017-02-16,60.273
Nongzhanguan_2017-02-16,60.273
Shunyi_2017-02-16,60.273
Tiantan_2017-02-16,60.273
Wanliu_2017-02-16,60.273
Wanshouxigong_2017-02-16,60.273
Aotizhongxin_2017-02-17,60.273
Changping_2017-02-17,60.273
Dingling_2017-02-17,60.273
Dongsi_2017-02-17,60.273
Guanyuan_2017-02-17,60.273
Gucheng_2017-02-17,60.273
Huairou_2017-02-17,60.273
Nongzhanguan_2017-02-17,60.273
Shunyi_2017-02-17,60.273
Tiantan_2017-02-17,60.273
Wanliu_2017-02-17,60.273
Wanshouxigong_2017-02-17,60.273
Aotizhongxin_2017-02-18,60.273
Changping_2017-02-18,60.273
Dingling_2017-02-18,60.273
Dongsi_2017-02-18,60.273
Guanyuan_2017-02-18,60.273
Gucheng_2017-02-18,60.273
Huairou_2017-02-18,60.273
Nongzhanguan_2017-02-18,60.273
Shunyi_2017-02-18,60.273
Tiantan_2017-02-18,60.273
Wanliu_2017-02-18,60.273
Wanshouxigong_2017-02-18,60.273
Aotizhongxin_2017-02-19,60.273
Changping_2017-02-19,60.273
Dingling_2017-02-19,60.273
Dongsi_2017-02-19,60.273
Guanyuan_2017-02-19,60.273
Gucheng_2017-02-19,60.273
Huairou_2017-02-19,60.273
Nongzhanguan_2017-02-19,60.273
Shunyi_2017-02-19,60.273
Tiantan_2017-02-19,60.273
Wanliu_2017-02-19,60.273
Wanshouxigong_2017-02-19,60.273
Aotizhongxin_2017-02-20,60.273
Changping_2017-02-20,60.273
Dingling_2017-02-20,60.273
Dongsi_2017-02-20,60.273
Guanyuan_2017-02-20,60.273
Gucheng_2017-02-20,60.273
Huairou_2017-02-20,60.273
Nongzhanguan_2017-02-20,60.273
Shunyi_2017-02-20,60.273
Tiantan_2017-02-20,60.273
Wanliu_2017-02-20,60.273
Wanshouxigong_2017-02-20,60.273
Dingling_2017-02-21,60.273
Aotizhongxin_2017-02-22,60.273
Changping_2017-02-22,60.273
Dingling_2017-02-22,60.273
Dongsi_2017-02-22,60.273
Guanyuan_2017-02-22,60.273
Huairou_2017-02-22,60.273
Nongzhanguan_2017-02-22,60.273
Shunyi_2017-02-22,60.273
Tiantan_2017-02-22,60.273
Wanliu_2017-02-22,60.273
Wanshouxigong_2017-02-22,60.273
Aotizhongxin_2017-02-23,60.273
Changping_2017-02-23,60.273
Dingling_2017-02-23,60.273
Dongsi_2017-02-23,60.273
Guanyuan_2017-02-23,60.273
Gucheng_2017-02-23,60.273
Huairou_2017-02-23,60.273
Nongzhanguan_2017-02-23,60.273
Shunyi_2017-02-23,60.273
Tiantan_2017-02-23,60.273
Wanliu_2017-02-23,60.273
Wanshouxigong_2017-02-23,60.273
Aotizhongxin_2017-02-24,60.273
Changping_2017-02-24,60.273
Dingling_2017-02-24,60.273
Dongsi_2017-02-24,60.273
Guanyuan_2017-02-24,60.273
Gucheng_2017-02-24,60.273
Huairou_2017-02-24,60.273
Nongzhanguan_2017-02-24,60.273
Shunyi_2017-02-24,60.273
Tiantan_2017-02-24,60.273
Wanliu_2017-02-24,60.273
Wanshouxigong_2017-02-24,60.273
Aotizhongxin_2017-02-25,60.273
Changping_2017-02-25,60.273
Dingling_2017-02-25,60.273
Dongsi_2017-02-25,60.273
Guanyuan_2017-02-25,60.273
Gucheng_2017-02-25,60.273
Huairou_2017-02-25,60.273
Nongzhanguan_2017-02-25,60.273
Shunyi_2017-02-25,60.273
Tiantan_2017-02-25,60.273
Wanliu_2017-02-25,60.273
Wanshouxigong_2017-02-25,60.273
Aotizhongxin_2017-02-26,60.273
Changping_2017-02-26,60.273
Dingling_2017-02-26,60.273
Dongsi_2017-02-26,60.273
Guanyuan_2017-02-26,60.273
Gucheng_2017-02-26,60.273
Huairou_2017-02-26,60.273
Nongzhanguan_2017-02-26,60.273
Shunyi_2017-02-26,60.273
Tiantan_2017-02-26,60.273
Wanliu_2017-02-26,60.273
Wanshouxigong_2017-02-26,60.273
Aotizhongxin_2017-02-27,60.273
Changping_2017-02-27,60.273
Dingling_2017-02-27,60.273
Dongsi_2017-02-27,60.273
Gucheng_2017-02-27,60.273
Huairou_2017-02-27,60.273
Nongzhanguan_2017-02-27,60.273
Shunyi_2017-02-27,60.273
Tiantan_2017-02-27,60.273
Wanliu_2017-02-27,60.273
Wanshouxigong_2017-02-27,60.273
Aotizhongxin_2017-02-28,60.273
Changping_2017-02-28,60.273
Dingling_2017-02-28,60.273
Dongsi_2017-02-28,60.273
Gucheng_2017-02-28,60.273
Huairou_2017-02-28,60.273
Nongzhanguan_2017-02-28,60.273
Shunyi_2017-02-28,60.273
Tiantan_2017-02-28,60.273
Wanliu_2017-02-28,60.273
Wanshouxigong_2017-02-28,60.273
