id,pm25
Aotizhongxin_2016-07-01,3.0
Changping_2016-07-01,3.0
Dingling_2016-07-01,3.0
Dongsi_2016-07-01,6.351
Guanyuan_2016-07-01,6.644
Gucheng_2016-07-01,12.107
Huairou_2016-07-01,5.09
Nongzhanguan_2016-07-01,7.082
Shunyi_2016-07-01,4.851
Tiantan_2016-07-01,7.658
Wanliu_2016-07-01,15.15
Wanshouxigong_2016-07-01,9.608
Aotizhongxin_2016-07-02,40.559
Changping_2016-07-02,26.343
Dingling_2016-07-02,12.868
Dongsi_2016-07-02,42.705
Guanyuan_2016-07-02,45.216
Gucheng_2016-07-02,41.151
Huairou_2016-07-02,37.602
Nongzhanguan_2016-07-02,41.879
Shunyi_2016-07-02,51.952
Tiantan_2016-07-02,40.46
Wanliu_2016-07-02,41.988
Wanshouxigong_2016-07-02,43.719
Aotizhongxin_2016-07-03,73.232
Changping_2016-07-03,72.885
Dingling_2016-07-03,55.873
Dongsi_2016-07-03,77.817
Guanyuan_2016-07-03,88.206
Gucheng_2016-07-03,106.159
Huairou_2016-07-03,54.357
Nongzhanguan_2016-07-03,73.18
Shunyi_2016-07-03,63.408
Tiantan_2016-07-03,71.508
Wanliu_2016-07-03,83.27
Wanshouxigong_2016-07-03,79.107
Aotizhongxin_2016-07-04,106.563
Changping_2016-07-04,118.846
Dingling_2016-07-04,98.028
Dongsi_2016-07-04,115.271
Guanyuan_2016-07-04,113.364
Gucheng_2016-07-04,102.877
Huairou_2016-07-04,104.06
Nongzhanguan_2016-07-04,114.907
Shunyi_2016-07-04,100.533
Tiantan_2016-07-04,108.974
Wanliu_2016-07-04,98.839
Wanshouxigong_2016-07-04,103.846
Aotizhongxin_2016-07-05,76.033
Changping_2016-07-05,82.242
Dingling_2016-07-05,64.308
Dongsi_2016-07-05,82.321
Guanyuan_2016-07-05,87.937
Gucheng_2016-07-05,82.874
Huairou_2016-07-05,78.054
Nongzhanguan_2016-07-05,81.383
Shunyi_2016-07-05,74.208
Tiantan_2016-07-05,77.107
Wanliu_2016-07-05,78.032
Wanshouxigong_2016-07-05,79.698
Aotizhongxin_2016-07-06,58.344
Changping_2016-07-06,77.323
Dingling_2016-07-06,63.419
Dongsi_2016-07-06,58.973
Guanyuan_2016-07-06,69.883
Gucheng_2016-07-06,81.341
Huairou_2016-07-06,77.85
Nongzhanguan_2016-07-06,63.41
Shunyi_2016-07-06,81.43
Tiantan_2016-07-06,58.558
Wanliu_2016-07-06,66.943
Wanshouxigong_2016-07-06,65.723
Aotizhongxin_2016-07-07,92.773
Changping_2016-07-07,100.317
Dingling_2016-07-07,78.208
Dongsi_2016-07-07,99.65
Guanyuan_2016-07-07,101.943
Gucheng_2016-07-07,104.654
Huairou_2016-07-07,95.951
Nongzhanguan_2016-07-07,96.902
Shunyi_2016-07-07,102.259
Tiantan_2016-07-07,93.365
Wanliu_2016-07-07,94.381
Wanshouxigong_2016-07-07,95.885
Aotizhongxin_2016-07-08,81.099
Changping_2016-07-08,85.991
Dingling_2016-07-08,79.205
Dongsi_2016-07-08,93.371
Guanyuan_2016-07-08,94.292
Gucheng_2016-07-08,86.47
Huairou_2016-07-08,74.117
Nongzhanguan_2016-07-08,81.384
Shunyi_2016-07-08,76.659
Tiantan_2016-07-08,78.191
Wanliu_2016-07-08,79.558
Wanshouxigong_2016-07-08,83.21
Aotizhongxin_2016-07-09,60.375
Changping_2016-07-09,63.179
Dingling_2016-07-09,57.964
Dongsi_2016-07-09,82.357
Guanyuan_2016-07-09,74.766
Gucheng_2016-07-09,74.714
Huairou_2016-07-09,60.767
Nongzhanguan_2016-07-09,63.257
Shunyi_2016-07-09,62.828
Tiantan_2016-07-09,59.948
Wanliu_2016-07-09,62.152
Wanshouxigong_2016-07-09,64.759
Aotizhongxin_2016-07-10,60.202
Changping_2016-07-10,77.348
Dingling_2016-07-10,65.884
Dongsi_2016-07-10,84.277
Guanyuan_2016-07-10,73.137
Gucheng_2016-07-10,69.252
Huairou_2016-07-10,82.707
Nongzhanguan_2016-07-10,59.295
Shunyi_2016-07-10,78.546
Tiantan_2016-07-10,56.619
Wanliu_2016-07-10,64.438
Wanshouxigong_2016-07-10,63.008
Aotizhongxin_2016-07-11,56.37
Changping_2016-07-11,73.673
Dingling_2016-07-11,55.654
Guanyuan_2016-07-11,71.922
Gucheng_2016-07-11,69.317
Huairou_2016-07-11,71.605
Nongzhanguan_2016-07-11,56.366
Shunyi_2016-07-11,65.015
Tiantan_2016-07-11,55.549
Wanliu_2016-07-11,62.965
Wanshouxigong_2016-07-11,65.215
Aotizhongxin_2016-07-12,23.564
Changping_2016-07-12,32.391
Dingling_2016-07-12,26.829
Guanyuan_2016-07-12,34.033
Gucheng_2016-07-12,37.878
Huairou_2016-07-12,37.24
Nongzhanguan_2016-07-12,28.981
Shunyi_2016-07-12,40.587
Tiantan_2016-07-12,29.562
Wanliu_2016-07-12,33.06
Wanshouxigong_2016-07-12,32.5
Aotizhongxin_2016-07-13,13.426
Changping_2016-07-13,14.447
Dingling_2016-07-13,21.611
Dongsi_2016-07-13,22.765
Guanyuan_2016-07-13,20.427
Gucheng_2016-07-13,24.187
Huairou_2016-07-13,14.359
Nongzhanguan_2016-07-13,18.442
Shunyi_2016-07-13,17.37
Tiantan_2016-07-13,19.202
Wanliu_2016-07-13,22.196
Wanshouxigong_2016-07-13,20.369
Aotizhongxin_2016-07-14,43.162
Changping_2016-07-14,46.374
Dingling_2016-07-14,40.746
Dongsi_2016-07-14,32.704
Guanyuan_2016-07-14,41.252
Gucheng_2016-07-14,49.284
Huairou_2016-07-14,39.621
Nongzhanguan_2016-07-14,43.007
Shunyi_2016-07-14,50.128
Tiantan_2016-07-14,36.813
Wanliu_2016-07-14,46.439
Wanshouxigong_2016-07-14,36.946
Aotizhongxin_2016-07-15,40.709
Changping_2016-07-15,34.239
Dingling_2016-07-15,34.075
Dongsi_2016-07-15,43.428
Guanyuan_2016-07-15,42.904
Gucheng_2016-07-15,37.818
Huairou_2016-07-15,36.089
Nongzhanguan_2016-07-15,38.851
Shunyi_2016-07-15,40.493
Tiantan_2016-07-15,38.122
Wanliu_2016-07-15,38.652
Wanshouxigong_2016-07-15,39.033
Aotizhongxin_2016-07-16,35.507
Changping_2016-07-16,33.352
Dingling_2016-07-16,27.175
Dongsi_2016-07-16,40.0
Guanyuan_2016-07-16,42.668
Gucheng_2016-07-16,44.509
Huairou_2016-07-16,27.171
Nongzhanguan_2016-07-16,38.214
Shunyi_2016-07-16,32.524
Tiantan_2016-07-16,40.067
Wanliu_2016-07-16,38.194
Wanshouxigong_2016-07-16,41.023
Aotizhongxin_2016-07-17,69.859
Changping_2016-07-17,65.896
Dingling_2016-07-17,59.251
Dongsi_2016-07-17,73.558
Guanyuan_2016-07-17,78.811
Gucheng_2016-07-17,74.851
Huairou_2016-07-17,60.217
Nongzhanguan_2016-07-17,95.003
Shunyi_2016-07-17,75.455
Tiantan_2016-07-17,74.764
Wanliu_2016-07-17,67.514
Wanshouxigong_2016-07-17,76.802
Aotizhongxin_2016-07-18,88.488
Changping_2016-07-18,84.338
Dingling_2016-07-18,89.822
Dongsi_2016-07-18,91.795
Guanyuan_2016-07-18,106.348
Gucheng_2016-07-18,116.18
Huairou_2016-07-18,87.551
Nongzhanguan_2016-07-18,106.506
Tiantan_2016-07-18,88.669
Wanliu_2016-07-18,99.47
Wanshouxigong_2016-07-18,93.112
Aotizhongxin_2016-07-19,84.224
Changping_2016-07-19,64.069
Dingling_2016-07-19,68.255
Dongsi_2016-07-19,104.143
Guanyuan_2016-07-19,107.058
Gucheng_2016-07-19,93.763
Huairou_2016-07-19,67.089
Nongzhanguan_2016-07-19,97.335
Shunyi_2016-07-19,74.863
Tiantan_2016-07-19,106.549
Wanliu_2016-07-19,84.545
Wanshouxigong_2016-07-19,107.214
Aotizhongxin_2016-07-20,37.15
Changping_2016-07-20,35.399
Dingling_2016-07-20,35.574
Dongsi_2016-07-20,42.058
Guanyuan_2016-07-20,45.507
Gucheng_2016-07-20,28.819
Huairou_2016-07-20,32.618
Nongzhanguan_2016-07-20,39.816
Shunyi_2016-07-20,33.756
Tiantan_2016-07-20,38.313
Wanliu_2016-07-20,38.741
Wanshouxigong_2016-07-20,40.126
Aotizhongxin_2016-07-21,31.704
Changping_2016-07-21,28.836
Dingling_2016-07-21,25.316
Dongsi_2016-07-21,39.335
Guanyuan_2016-07-21,49.122
Gucheng_2016-07-21,30.113
Huairou_2016-07-21,25.408
Nongzhanguan_2016-07-21,35.713
Shunyi_2016-07-21,28.612
Tiantan_2016-07-21,36.508
Wanliu_2016-07-21,34.202
Wanshouxigong_2016-07-21,38.859
Aotizhongxin_2016-07-22,69.199
Changping_2016-07-22,57.256
Dingling_2016-07-22,54.3
Dongsi_2016-07-22,77.947
Gucheng_2016-07-22,60.895
Huairou_2016-07-22,55.703
Nongzhanguan_2016-07-22,69.144
Shunyi_2016-07-22,67.64
Tiantan_2016-07-22,64.83
Wanliu_2016-07-22,67.19
Wanshouxigong_2016-07-22,72.571
Aotizhongxin_2016-07-23,107.566
Changping_2016-07-23,83.449
Dingling_2016-07-23,78.531
Gucheng_2016-07-23,114.664
Huairou_2016-07-23,75.934
Nongzhanguan_2016-07-23,110.427
Shunyi_2016-07-23,85.201
Tiantan_2016-07-23,110.29
Wanliu_2016-07-23,115.419
Wanshouxigong_2016-07-23,119.42
Aotizhongxin_2016-07-24,61.858
Changping_2016-07-24,47.578
Dingling_2016-07-24,46.544
Gucheng_2016-07-24,78.176
Huairou_2016-07-24,52.457
Nongzhanguan_2016-07-24,68.175
Shunyi_2016-07-24,55.007
Tiantan_2016-07-24,67.213
Wanliu_2016-07-24,77.459
Wanshouxigong_2016-07-24,75.389
Changping_2016-07-25,40.36
Dingling_2016-07-25,37.692
Guanyuan_2016-07-25,49.061
Gucheng_2016-07-25,58.677
Huairou_2016-07-25,34.97
Nongzhanguan_2016-07-25,45.9
Shunyi_2016-07-25,36.828
Tiantan_2016-07-25,38.329
Wanliu_2016-07-25,66.421
Wanshouxigong_2016-07-25,43.222
Changping_2016-07-26,25.872
Dingling_2016-07-26,25.558
Dongsi_2016-07-26,22.151
Guanyuan_2016-07-26,21.64
Gucheng_2016-07-26,27.491
Huairou_2016-07-26,27.275
Nongzhanguan_2016-07-26,21.332
Shunyi_2016-07-26,20.285
Tiantan_2016-07-26,22.808
Wanliu_2016-07-26,28.822
Aotizhongxin_2016-07-27,49.441
Changping_2016-07-27,39.546
Dingling_2016-07-27,38.674
Dongsi_2016-07-27,69.812
Guanyuan_2016-07-27,67.167
Gucheng_2016-07-27,60.278
Huairou_2016-07-27,43.251
Nongzhanguan_2016-07-27,63.347
Shunyi_2016-07-27,56.988
Tiantan_2016-07-27,67.951
Wanliu_2016-07-27,52.057
Wanshouxigong_2016-07-27,67.294
Aotizhongxin_2016-07-28,45.058
Changping_2016-07-28,41.07
Dingling_2016-07-28,40.827
Guanyuan_2016-07-28,56.779
Gucheng_2016-07-28,47.553
Huairou_2016-07-28,41.572
Nongzhanguan_2016-07-28,53.257
Shunyi_2016-07-28,50.664
Tiantan_2016-07-28,42.507
Wanliu_2016-07-28,39.959
Wanshouxigong_2016-07-28,47.691
Aotizhongxin_2016-07-29,100.068
Changping_2016-07-29,98.099
Dingling_2016-07-29,97.631
Guanyuan_2016-07-29,103.837
Gucheng_2016-07-29,103.9
Huairou_2016-07-29,97.339
Nongzhanguan_2016-07-29,101.215
Shunyi_2016-07-29,106.388
Tiantan_2016-07-29,111.352
Wanliu_2016-07-29,92.554
Wanshouxigong_2016-07-29,106.415
Aotizhongxin_2016-07-30,120.605
Changping_2016-07-30,110.195
Dingling_2016-07-30,104.172
Dongsi_2016-07-30,132.28
Guanyuan_2016-07-30,109.724
Gucheng_2016-07-30,112.239
Huairou_2016-07-30,98.066
Nongzhanguan_2016-07-30,113.939
Shunyi_2016-07-30,118.194
Tiantan_2016-07-30,118.529
Wanliu_2016-07-30,107.726
Wanshouxigong_2016-07-30,119.477
Aotizhongxin_2016-07-31,54.0
Changping_2016-07-31,48.808
Dingling_2016-07-31,50.644
Dongsi_2016-07-31,70.062
Guanyuan_2016-07-31,60.895
Gucheng_2016-07-31,53.903
Huairou_2016-07-31,37.777
Nongzhanguan_2016-07-31,60.619
Shunyi_2016-07-31,51.971
Tiantan_2016-07-31,74.799
Wanliu_2016-07-31,41.358
Wanshouxigong_2016-07-31,68.949
Aotizhongxin_2016-08-01,65.447
Changping_2016-08-01,61.467
Dingling_2016-08-01,58.25
Dongsi_2016-08-01,76.921
Guanyuan_2016-08-01,75.765
Gucheng_2016-08-01,87.264
Huairou_2016-08-01,51.835
Nongzhanguan_2016-08-01,65.832
Shunyi_2016-08-01,55.378
Tiantan_2016-08-01,79.34
Wanliu_2016-08-01,64.268
Wanshouxigong_2016-08-01,81.642
Aotizhongxin_2016-08-02,51.196
Changping_2016-08-02,40.471
Dingling_2016-08-02,36.451
Dongsi_2016-08-02,62.842
Guanyuan_2016-08-02,65.775
Gucheng_2016-08-02,54.018
Huairou_2016-08-02,36.764
Nongzhanguan_2016-08-02,60.953
Shunyi_2016-08-02,41.982
Tiantan_2016-08-02,63.839
Wanliu_2016-08-02,57.214
Wanshouxigong_2016-08-02,68.92
Aotizhongxin_2016-08-03,48.945
Changping_2016-08-03,39.131
Dingling_2016-08-03,32.582
Dongsi_2016-08-03,68.032
Guanyuan_2016-08-03,70.468
Gucheng_2016-08-03,64.085
Huairou_2016-08-03,39.921
Nongzhanguan_2016-08-03,70.039
Shunyi_2016-08-03,60.125
Tiantan_2016-08-03,72.568
Wanliu_2016-08-03,58.016
Wanshouxigong_2016-08-03,75.374
Aotizhongxin_2016-08-04,96.198
Changping_2016-08-04,86.798
Dingling_2016-08-04,75.689
Dongsi_2016-08-04,101.411
Guanyuan_2016-08-04,100.116
Gucheng_2016-08-04,94.931
Huairou_2016-08-04,93.822
Nongzhanguan_2016-08-04,100.245
Tiantan_2016-08-04,90.7
Wanliu_2016-08-04,92.646
Wanshouxigong_2016-08-04,94.295
Aotizhongxin_2016-08-05,54.021
Changping_2016-08-05,62.235
Dingling_2016-08-05,64.453
Dongsi_2016-08-05,59.087
Guanyuan_2016-08-05,60.365
Gucheng_2016-08-05,67.048
Huairou_2016-08-05,54.653
Nongzhanguan_2016-08-05,57.359
Shunyi_2016-08-05,58.012
Tiantan_2016-08-05,55.792
Wanliu_2016-08-05,54.434
Wanshouxigong_2016-08-05,63.404
Aotizhongxin_2016-08-06,81.613
Changping_2016-08-06,81.927
Dingling_2016-08-06,77.653
Dongsi_2016-08-06,89.858
Guanyuan_2016-08-06,86.275
Gucheng_2016-08-06,92.179
Huairou_2016-08-06,79.606
Nongzhanguan_2016-08-06,90.087
Shunyi_2016-08-06,84.811
Tiantan_2016-08-06,82.911
Wanliu_2016-08-06,76.411
Wanshouxigong_2016-08-06,86.545
Aotizhongxin_2016-08-07,22.261
Changping_2016-08-07,26.361
Dingling_2016-08-07,24.729
Dongsi_2016-08-07,28.297
Guanyuan_2016-08-07,25.162
Gucheng_2016-08-07,24.585
Huairou_2016-08-07,30.328
Nongzhanguan_2016-08-07,29.869
Shunyi_2016-08-07,25.876
Tiantan_2016-08-07,28.105
Wanliu_2016-08-07,23.786
Wanshouxigong_2016-08-07,29.005
Aotizhongxin_2016-08-08,29.737
Changping_2016-08-08,34.224
Dingling_2016-08-08,25.728
Dongsi_2016-08-08,38.186
Guanyuan_2016-08-08,39.931
Gucheng_2016-08-08,42.434
Huairou_2016-08-08,24.183
Nongzhanguan_2016-08-08,41.773
Shunyi_2016-08-08,34.819
Tiantan_2016-08-08,36.113
Wanliu_2016-08-08,35.219
Wanshouxigong_2016-08-08,41.628
Aotizhongxin_2016-08-09,45.677
Changping_2016-08-09,59.607
Dingling_2016-08-09,52.709
Dongsi_2016-08-09,56.711
Guanyuan_2016-08-09,61.284
Gucheng_2016-08-09,63.475
Huairou_2016-08-09,57.942
Nongzhanguan_2016-08-09,65.831
Shunyi_2016-08-09,65.938
Tiantan_2016-08-09,54.234
Wanliu_2016-08-09,52.855
Wanshouxigong_2016-08-09,54.816
Aotizhongxin_2016-08-10,59.516
Changping_2016-08-10,76.015
Dingling_2016-08-10,74.573
Dongsi_2016-08-10,70.183
Guanyuan_2016-08-10,71.744
Gucheng_2016-08-10,79.941
Huairou_2016-08-10,85.576
Nongzhanguan_2016-08-10,69.713
Shunyi_2016-08-10,84.226
Tiantan_2016-08-10,64.69
Wanliu_2016-08-10,61.43
Wanshouxigong_2016-08-10,69.678
Aotizhongxin_2016-08-11,64.159
Changping_2016-08-11,92.913
Dingling_2016-08-11,85.223
Dongsi_2016-08-11,69.403
Guanyuan_2016-08-11,77.394
Gucheng_2016-08-11,92.734
Huairou_2016-08-11,73.7
Nongzhanguan_2016-08-11,67.443
Shunyi_2016-08-11,73.656
Tiantan_2016-08-11,63.95
Wanliu_2016-08-11,70.625
Wanshouxigong_2016-08-11,70.871
Aotizhongxin_2016-08-12,49.035
Changping_2016-08-12,64.316
Dingling_2016-08-12,57.444
Dongsi_2016-08-12,56.442
Guanyuan_2016-08-12,60.305
Gucheng_2016-08-12,69.892
Huairou_2016-08-12,49.299
Nongzhanguan_2016-08-12,50.299
Shunyi_2016-08-12,57.218
Tiantan_2016-08-12,47.208
Wanliu_2016-08-12,55.907
Wanshouxigong_2016-08-12,49.578
Aotizhongxin_2016-08-13,17.441
Changping_2016-08-13,30.088
Dingling_2016-08-13,23.764
Dongsi_2016-08-13,28.454
Guanyuan_2016-08-13,30.79
Gucheng_2016-08-13,32.322
Huairou_2016-08-13,17.731
Nongzhanguan_2016-08-13,27.387
Shunyi_2016-08-13,25.968
Tiantan_2016-08-13,26.549
Wanliu_2016-08-13,29.323
Wanshouxigong_2016-08-13,25.18
Aotizhongxin_2016-08-14,14.038
Changping_2016-08-14,22.262
Dingling_2016-08-14,14.451
Dongsi_2016-08-14,33.285
Guanyuan_2016-08-14,34.672
Gucheng_2016-08-14,39.037
Huairou_2016-08-14,17.168
Nongzhanguan_2016-08-14,30.038
Shunyi_2016-08-14,25.643
Tiantan_2016-08-14,31.868
Wanliu_2016-08-14,33.154
Wanshouxigong_2016-08-14,36.926
Aotizhongxin_2016-08-15,19.611
Changping_2016-08-15,26.922
Dingling_2016-08-15,23.478
Dongsi_2016-08-15,34.524
Guanyuan_2016-08-15,27.123
Gucheng_2016-08-15,22.823
Huairou_2016-08-15,23.903
Nongzhanguan_2016-08-15,33.748
Shunyi_2016-08-15,33.956
Tiantan_2016-08-15,25.023
Wanliu_2016-08-15,23.157
Wanshouxigong_2016-08-15,38.219
Aotizhongxin_2016-08-16,18.383
Changping_2016-08-16,30.078
Dingling_2016-08-16,24.672
Dongsi_2016-08-16,31.072
Guanyuan_2016-08-16,32.648
Gucheng_2016-08-16,29.415
Huairou_2016-08-16,30.54
Nongzhanguan_2016-08-16,29.618
Shunyi_2016-08-16,36.432
Tiantan_2016-08-16,26.949
Wanliu_2016-08-16,28.133
Wanshouxigong_2016-08-16,30.688
Aotizhongxin_2016-08-17,55.361
Changping_2016-08-17,54.324
Dingling_2016-08-17,46.796
Dongsi_2016-08-17,75.753
Guanyuan_2016-08-17,78.928
Gucheng_2016-08-17,79.733
Huairou_2016-08-17,50.266
Nongzhanguan_2016-08-17,78.817
Shunyi_2016-08-17,62.884
Tiantan_2016-08-17,68.874
Wanliu_2016-08-17,62.623
Wanshouxigong_2016-08-17,69.891
Aotizhongxin_2016-08-18,81.025
Changping_2016-08-18,67.475
Dingling_2016-08-18,66.318
Dongsi_2016-08-18,93.849
Guanyuan_2016-08-18,85.875
Gucheng_2016-08-18,73.546
Huairou_2016-08-18,57.835
Nongzhanguan_2016-08-18,87.747
Shunyi_2016-08-18,68.148
Tiantan_2016-08-18,86.93
Wanliu_2016-08-18,78.36
Wanshouxigong_2016-08-18,88.368
Aotizhongxin_2016-08-19,21.147
Changping_2016-08-19,25.551
Dingling_2016-08-19,18.739
Dongsi_2016-08-19,30.561
Guanyuan_2016-08-19,32.27
Gucheng_2016-08-19,25.649
Huairou_2016-08-19,25.046
Nongzhanguan_2016-08-19,31.213
Shunyi_2016-08-19,25.916
Tiantan_2016-08-19,31.696
Wanliu_2016-08-19,27.954
Wanshouxigong_2016-08-19,30.297
Aotizhongxin_2016-08-20,56.201
Changping_2016-08-20,51.138
Dingling_2016-08-20,44.702
Dongsi_2016-08-20,68.901
Guanyuan_2016-08-20,72.616
Gucheng_2016-08-20,72.323
Huairou_2016-08-20,37.399
Nongzhanguan_2016-08-20,65.16
Shunyi_2016-08-20,45.469
Tiantan_2016-08-20,62.922
Wanliu_2016-08-20,60.056
Wanshouxigong_2016-08-20,70.852
Aotizhongxin_2016-08-21,48.447
Changping_2016-08-21,59.863
Dingling_2016-08-21,52.376
Dongsi_2016-08-21,69.597
Guanyuan_2016-08-21,69.82
Gucheng_2016-08-21,65.19
Huairou_2016-08-21,56.066
Nongzhanguan_2016-08-21,73.084
Shunyi_2016-08-21,62.663
Tiantan_2016-08-21,65.014
Wanliu_2016-08-21,55.701
Wanshouxigong_2016-08-21,70.481
Aotizhongxin_2016-08-22,36.997
Changping_2016-08-22,66.737
Dingling_2016-08-22,59.267
Dongsi_2016-08-22,48.593
Guanyuan_2016-08-22,46.217
Gucheng_2016-08-22,63.836
Huairou_2016-08-22,74.436
Nongzhanguan_2016-08-22,52.525
Shunyi_2016-08-22,77.122
Tiantan_2016-08-22,46.08
Wanliu_2016-08-22,48.111
Wanshouxigong_2016-08-22,53.119
Aotizhongxin_2016-08-23,50.323
Changping_2016-08-23,74.609
Dingling_2016-08-23,61.986
Dongsi_2016-08-23,61.739
Guanyuan_2016-08-23,73.035
Gucheng_2016-08-23,90.842
Huairou_2016-08-23,69.853
Nongzhanguan_2016-08-23,61.635
Shunyi_2016-08-23,70.113
Tiantan_2016-08-23,62.291
Wanliu_2016-08-23,66.991
Wanshouxigong_2016-08-23,65.938
Aotizhongxin_2016-08-24,66.262
Changping_2016-08-24,73.816
Dingling_2016-08-24,62.933
Dongsi_2016-08-24,79.979
Guanyuan_2016-08-24,80.038
Gucheng_2016-08-24,89.952
Huairou_2016-08-24,67.714
Nongzhanguan_2016-08-24,79.951
Shunyi_2016-08-24,72.307
Tiantan_2016-08-24,77.463
Wanliu_2016-08-24,76.609
Wanshouxigong_2016-08-24,77.986
Aotizhongxin_2016-08-25,3.0
Changping_2016-08-25,3.0
Dingling_2016-08-25,3.0
Dongsi_2016-08-25,8.677
Guanyuan_2016-08-25,9.011
Gucheng_2016-08-25,3.0
Huairou_2016-08-25,3.0
Nongzhanguan_2016-08-25,6.833
Shunyi_2016-08-25,19.326
Tiantan_2016-08-25,11.118
Wanliu_2016-08-25,3.543
Wanshouxigong_2016-08-25,9.561
Aotizhongxin_2016-08-26,3.0
Changping_2016-08-26,13.618
Dingling_2016-08-26,3.318
Dongsi_2016-08-26,4.127
Guanyuan_2016-08-26,6.074
Gucheng_2016-08-26,3.0
Huairou_2016-08-26,4.624
Nongzhanguan_2016-08-26,4.921
Shunyi_2016-08-26,14.812
Tiantan_2016-08-26,11.458
Wanliu_2016-08-26,4.55
Wanshouxigong_2016-08-26,6.425
Aotizhongxin_2016-08-27,8.897
Changping_2016-08-27,13.502
Dingling_2016-08-27,9.66
Dongsi_2016-08-27,16.809
Guanyuan_2016-08-27,26.262
Gucheng_2016-08-27,7.435
Huairou_2016-08-27,15.633
Nongzhanguan_2016-08-27,18.623
Shunyi_2016-08-27,16.297
Tiantan_2016-08-27,19.845
Wanliu_2016-08-27,21.714
Wanshouxigong_2016-08-27,20.599
Aotizhongxin_2016-08-28,3.0
Changping_2016-08-28,3.0
Dingling_2016-08-28,3.0
Dongsi_2016-08-28,5.593
Guanyuan_2016-08-28,8.781
Gucheng_2016-08-28,12.373
Huairou_2016-08-28,6.374
Nongzhanguan_2016-08-28,7.058
Shunyi_2016-08-28,6.37
Tiantan_2016-08-28,7.727
Wanliu_2016-08-28,5.498
Wanshouxigong_2016-08-28,5.668
Aotizhongxin_2016-08-29,12.388
Changping_2016-08-29,22.671
Dingling_2016-08-29,14.815
Dongsi_2016-08-29,20.137
Guanyuan_2016-08-29,26.839
Gucheng_2016-08-29,40.794
Huairou_2016-08-29,13.973
Nongzhanguan_2016-08-29,23.965
Shunyi_2016-08-29,29.307
Tiantan_2016-08-29,23.296
Wanliu_2016-08-29,34.222
Wanshouxigong_2016-08-29,26.0
Aotizhongxin_2016-08-30,35.989
Changping_2016-08-30,24.271
Dingling_2016-08-30,24.277
Dongsi_2016-08-30,43.604
Guanyuan_2016-08-30,48.417
Gucheng_2016-08-30,53.822
Huairou_2016-08-30,25.625
Nongzhanguan_2016-08-30,48.654
Shunyi_2016-08-30,40.366
Tiantan_2016-08-30,43.584
Wanliu_2016-08-30,45.095
Wanshouxigong_2016-08-30,48.445
Aotizhongxin_2016-08-31,3.0
Changping_2016-08-31,3.0
Dingling_2016-08-31,3.0
Dongsi_2016-08-31,3.0
Guanyuan_2016-08-31,3.0
Gucheng_2016-08-31,3.0
Huairou_2016-08-31,3.0
Nongzhanguan_2016-08-31,4.997
Shunyi_2016-08-31,3.0
Tiantan_2016-08-31,4.423
Wanliu_2016-08-31,6.384
Wanshouxigong_2016-08-31,3.0
Aotizhongxin_2016-09-01,3.0
Changping_2016-09-01,3.0
Dingling_2016-09-01,3.977
Dongsi_2016-09-01,3.0
Guanyuan_2016-09-01,3.0
Gucheng_2016-09-01,3.0
Huairou_2016-09-01,3.0
Nongzhanguan_2016-09-01,3.0
Shunyi_2016-09-01,3.0
Tiantan_2016-09-01,3.0
Wanliu_2016-09-01,3.0
Wanshouxigong_2016-09-01,3.0
Aotizhongxin_2016-09-02,8.106
Changping_2016-09-02,4.428
Dingling_2016-09-02,12.143
Dongsi_2016-09-02,14.043
Guanyuan_2016-09-02,17.022
Gucheng_2016-09-02,27.459
Huairou_2016-09-02,11.358
Nongzhanguan_2016-09-02,14.676
Shunyi_2016-09-02,8.859
Tiantan_2016-09-02,16.942
Wanliu_2016-09-02,17.723
Wanshouxigong_2016-09-02,17.596
Aotizhongxin_2016-09-03,14.913
Changping_2016-09-03,17.922
Dingling_2016-09-03,16.528
Dongsi_2016-09-03,22.563
Guanyuan_2016-09-03,30.159
Gucheng_2016-09-03,40.5
Huairou_2016-09-03,21.29
Nongzhanguan_2016-09-03,24.688
Shunyi_2016-09-03,25.186
Tiantan_2016-09-03,23.542
Wanliu_2016-09-03,25.965
Wanshouxigong_2016-09-03,28.214
Aotizhongxin_2016-09-04,70.736
Changping_2016-09-04,86.235
Dingling_2016-09-04,84.233
Dongsi_2016-09-04,73.162
Guanyuan_2016-09-04,80.482
Gucheng_2016-09-04,99.355
Huairou_2016-09-04,80.011
Nongzhanguan_2016-09-04,76.608
Tiantan_2016-09-04,70.426
Wanliu_2016-09-04,78.955
Wanshouxigong_2016-09-04,73.566
Aotizhongxin_2016-09-05,21.785
Changping_2016-09-05,20.59
Dingling_2016-09-05,20.049
Dongsi_2016-09-05,28.359
Guanyuan_2016-09-05,29.696
Gucheng_2016-09-05,26.439
Huairou_2016-09-05,23.651
Nongzhanguan_2016-09-05,27.961
Shunyi_2016-09-05,26.957
Tiantan_2016-09-05,30.586
Wanliu_2016-09-05,32.566
Wanshouxigong_2016-09-05,31.307
Aotizhongxin_2016-09-06,8.677
Changping_2016-09-06,9.782
Dingling_2016-09-06,7.595
Dongsi_2016-09-06,17.187
Guanyuan_2016-09-06,19.897
Gucheng_2016-09-06,33.567
Huairou_2016-09-06,26.883
Nongzhanguan_2016-09-06,20.143
Shunyi_2016-09-06,16.901
Tiantan_2016-09-06,19.717
Wanliu_2016-09-06,32.804
Wanshouxigong_2016-09-06,20.065
Aotizhongxin_2016-09-08,19.034
Changping_2016-09-08,11.537
Dingling_2016-09-08,13.399
Dongsi_2016-09-08,25.322
Guanyuan_2016-09-08,24.511
Gucheng_2016-09-08,24.825
Huairou_2016-09-08,16.697
Nongzhanguan_2016-09-08,24.364
Shunyi_2016-09-08,29.168
Tiantan_2016-09-08,22.771
Wanliu_2016-09-08,21.373
Wanshouxigong_2016-09-08,26.274
Aotizhongxin_2016-09-09,18.672
Changping_2016-09-09,13.472
Dingling_2016-09-09,7.359
Dongsi_2016-09-09,19.594
Guanyuan_2016-09-09,18.532
Gucheng_2016-09-09,28.084
Huairou_2016-09-09,16.235
Nongzhanguan_2016-09-09,19.008
Shunyi_2016-09-09,24.133
Tiantan_2016-09-09,23.528
Wanliu_2016-09-09,19.878
Wanshouxigong_2016-09-09,19.48
Aotizhongxin_2016-09-10,14.17
Changping_2016-09-10,19.275
Dingling_2016-09-10,15.059
Dongsi_2016-09-10,15.595
Guanyuan_2016-09-10,12.987
Gucheng_2016-09-10,29.92
Huairou_2016-09-10,20.511
Nongzhanguan_2016-09-10,18.114
Shunyi_2016-09-10,22.07
Tiantan_2016-09-10,18.4
Wanliu_2016-09-10,23.952
Wanshouxigong_2016-09-10,21.335
Aotizhongxin_2016-09-11,48.083
Changping_2016-09-11,31.026
Dingling_2016-09-11,31.868
Dongsi_2016-09-11,52.49
Guanyuan_2016-09-11,44.038
Gucheng_2016-09-11,41.95
Huairou_2016-09-11,30.75
Nongzhanguan_2016-09-11,51.082
Shunyi_2016-09-11,39.573
Tiantan_2016-09-11,48.29
Wanliu_2016-09-11,41.726
Wanshouxigong_2016-09-11,48.896
Aotizhongxin_2016-09-12,38.507
Changping_2016-09-12,37.971
Dingling_2016-09-12,33.685
Guanyuan_2016-09-12,44.935
Gucheng_2016-09-12,58.593
Huairou_2016-09-12,30.553
Nongzhanguan_2016-09-12,41.998
Shunyi_2016-09-12,36.275
Tiantan_2016-09-12,38.288
Wanliu_2016-09-12,42.988
Wanshouxigong_2016-09-12,42.17
Aotizhongxin_2016-09-13,81.958
Changping_2016-09-13,82.523
Dingling_2016-09-13,63.549
Dongsi_2016-09-13,82.648
Guanyuan_2016-09-13,82.191
Gucheng_2016-09-13,102.334
Huairou_2016-09-13,74.521
Nongzhanguan_2016-09-13,82.871
Shunyi_2016-09-13,89.407
Tiantan_2016-09-13,81.527
Wanliu_2016-09-13,75.738
Wanshouxigong_2016-09-13,86.092
Aotizhongxin_2016-09-14,86.233
Changping_2016-09-14,85.892
Dingling_2016-09-14,74.806
Dongsi_2016-09-14,91.638
Guanyuan_2016-09-14,85.484
Gucheng_2016-09-14,93.938
Huairou_2016-09-14,99.449
Nongzhanguan_2016-09-14,86.89
Tiantan_2016-09-14,83.898
Wanliu_2016-09-14,78.38
Wanshouxigong_2016-09-14,88.784
Aotizhongxin_2016-09-15,70.102
Changping_2016-09-15,44.867
Dingling_2016-09-15,29.235
Dongsi_2016-09-15,80.033
Guanyuan_2016-09-15,75.841
Gucheng_2016-09-15,81.679
Huairou_2016-09-15,62.979
Nongzhanguan_2016-09-15,77.492
Tiantan_2016-09-15,74.442
Wanliu_2016-09-15,61.205
Wanshouxigong_2016-09-15,77.67
Aotizhongxin_2016-09-16,109.756
Changping_2016-09-16,102.484
Dingling_2016-09-16,93.771
Dongsi_2016-09-16,123.041
Guanyuan_2016-09-16,118.484
Gucheng_2016-09-16,139.128
Huairou_2016-09-16,86.977
Nongzhanguan_2016-09-16,124.15
Tiantan_2016-09-16,121.165
Wanliu_2016-09-16,106.97
Wanshouxigong_2016-09-16,122.66
Aotizhongxin_2016-09-17,44.334
Changping_2016-09-17,43.127
Dingling_2016-09-17,46.894
Dongsi_2016-09-17,50.887
Guanyuan_2016-09-17,51.975
Gucheng_2016-09-17,52.576
Huairou_2016-09-17,34.919
Nongzhanguan_2016-09-17,49.27
Shunyi_2016-09-17,48.308
Tiantan_2016-09-17,52.256
Wanliu_2016-09-17,47.333
Wanshouxigong_2016-09-17,54.706
Aotizhongxin_2016-09-18,23.218
Changping_2016-09-18,29.981
Dingling_2016-09-18,26.051
Dongsi_2016-09-18,32.87
Guanyuan_2016-09-18,29.355
Gucheng_2016-09-18,27.409
Nongzhanguan_2016-09-18,27.523
Shunyi_2016-09-18,32.665
Tiantan_2016-09-18,30.36
Wanliu_2016-09-18,28.903
Wanshouxigong_2016-09-18,30.185
Aotizhongxin_2016-09-19,12.414
Changping_2016-09-19,14.229
Dingling_2016-09-19,10.116
Dongsi_2016-09-19,18.785
Guanyuan_2016-09-19,15.932
Gucheng_2016-09-19,18.557
Nongzhanguan_2016-09-19,15.516
Shunyi_2016-09-19,20.675
Tiantan_2016-09-19,15.71
Wanliu_2016-09-19,22.644
Wanshouxigong_2016-09-19,19.436
Aotizhongxin_2016-09-20,24.384
Changping_2016-09-20,22.201
Dongsi_2016-09-20,26.837
Guanyuan_2016-09-20,29.015
Gucheng_2016-09-20,46.462
Huairou_2016-09-20,16.54
Nongzhanguan_2016-09-20,31.999
Shunyi_2016-09-20,26.437
Tiantan_2016-09-20,28.477
Wanliu_2016-09-20,34.173
Wanshouxigong_2016-09-20,30.8
Aotizhongxin_2016-09-21,75.78
Changping_2016-09-21,56.994
Dongsi_2016-09-21,78.229
Guanyuan_2016-09-21,88.563
Gucheng_2016-09-21,95.221
Huairou_2016-09-21,48.137
Nongzhanguan_2016-09-21,98.042
Shunyi_2016-09-21,63.384
Tiantan_2016-09-21,75.354
Wanliu_2016-09-21,77.859
Wanshouxigong_2016-09-21,79.544
Aotizhongxin_2016-09-22,87.83
Changping_2016-09-22,75.249
Dingling_2016-09-22,67.442
Dongsi_2016-09-22,95.153
Guanyuan_2016-09-22,104.051
Gucheng_2016-09-22,106.911
Huairou_2016-09-22,74.941
Nongzhanguan_2016-09-22,95.432
Shunyi_2016-09-22,78.201
Tiantan_2016-09-22,92.907
Wanliu_2016-09-22,88.088
Wanshouxigong_2016-09-22,96.974
Aotizhongxin_2016-09-23,111.123
Changping_2016-09-23,87.794
Dingling_2016-09-23,78.094
Dongsi_2016-09-23,116.508
Guanyuan_2016-09-23,113.668
Gucheng_2016-09-23,97.157
Huairou_2016-09-23,105.946
Nongzhanguan_2016-09-23,114.948
Shunyi_2016-09-23,112.526
Tiantan_2016-09-23,102.666
Wanliu_2016-09-23,95.797
Aotizhongxin_2016-09-24,101.711
Changping_2016-09-24,73.189
Dingling_2016-09-24,69.547
Dongsi_2016-09-24,109.33
Guanyuan_2016-09-24,123.378
Gucheng_2016-09-24,120.903
Huairou_2016-09-24,79.03
Nongzhanguan_2016-09-24,117.914
Shunyi_2016-09-24,85.949
Tiantan_2016-09-24,108.729
Wanliu_2016-09-24,102.294
Wanshouxigong_2016-09-24,107.157
Aotizhongxin_2016-09-25,129.666
Changping_2016-09-25,122.531
Dingling_2016-09-25,107.773
Dongsi_2016-09-25,147.667
Guanyuan_2016-09-25,154.291
Gucheng_2016-09-25,147.396
Huairou_2016-09-25,108.739
Nongzhanguan_2016-09-25,158.98
Tiantan_2016-09-25,148.241
Wanliu_2016-09-25,129.656
Wanshouxigong_2016-09-25,136.955
Aotizhongxin_2016-09-26,60.004
Changping_2016-09-26,60.329
Dingling_2016-09-26,55.571
Dongsi_2016-09-26,73.512
Guanyuan_2016-09-26,73.062
Gucheng_2016-09-26,65.815
Huairou_2016-09-26,53.479
Nongzhanguan_2016-09-26,67.889
Shunyi_2016-09-26,66.35
Tiantan_2016-09-26,68.509
Wanliu_2016-09-26,59.013
Wanshouxigong_2016-09-26,70.296
Aotizhongxin_2016-09-27,13.424
Changping_2016-09-27,22.571
Dingling_2016-09-27,7.603
Dongsi_2016-09-27,30.149
Guanyuan_2016-09-27,24.253
Gucheng_2016-09-27,14.566
Huairou_2016-09-27,5.7
Nongzhanguan_2016-09-27,19.487
Shunyi_2016-09-27,17.009
Tiantan_2016-09-27,26.369
Wanliu_2016-09-27,8.992
Wanshouxigong_2016-09-27,18.233
Aotizhongxin_2016-09-28,24.124
Changping_2016-09-28,15.474
Dingling_2016-09-28,3.0
Dongsi_2016-09-28,17.455
Guanyuan_2016-09-28,15.632
Gucheng_2016-09-28,17.464
Huairou_2016-09-28,3.0
Nongzhanguan_2016-09-28,10.519
Shunyi_2016-09-28,16.373
Tiantan_2016-09-28,11.547
Wanliu_2016-09-28,3.0
Wanshouxigong_2016-09-28,8.172
Aotizhongxin_2016-09-29,56.611
Changping_2016-09-29,44.943
Dingling_2016-09-29,28.978
Dongsi_2016-09-29,77.996
Guanyuan_2016-09-29,67.102
Huairou_2016-09-29,40.534
Nongzhanguan_2016-09-29,72.889
Shunyi_2016-09-29,51.494
Tiantan_2016-09-29,58.565
Wanliu_2016-09-29,40.702
Wanshouxigong_2016-09-29,47.737
Aotizhongxin_2016-09-30,90.79
Changping_2016-09-30,88.556
Dingling_2016-09-30,70.15
Dongsi_2016-09-30,117.929
Guanyuan_2016-09-30,112.549
Huairou_2016-09-30,69.194
Nongzhanguan_2016-09-30,105.733
Shunyi_2016-09-30,79.646
Tiantan_2016-09-30,87.31
Wanliu_2016-09-30,81.715
Wanshouxigong_2016-09-30,80.314
Aotizhongxin_2016-10-01,133.307
Changping_2016-10-01,138.797
Dingling_2016-10-01,126.98
Dongsi_2016-10-01,173.336
Guanyuan_2016-10-01,158.796
Gucheng_2016-10-01,152.28
Huairou_2016-10-01,127.839
Nongzhanguan_2016-10-01,152.371
Shunyi_2016-10-01,111.613
Tiantan_2016-10-01,127.594
Wanliu_2016-10-01,132.905
Wanshouxigong_2016-10-01,125.878
Aotizhongxin_2016-10-02,143.666
Changping_2016-10-02,135.396
Dingling_2016-10-02,128.335
Dongsi_2016-10-02,170.646
Guanyuan_2016-10-02,162.797
Gucheng_2016-10-02,160.469
Huairou_2016-10-02,127.248
Nongzhanguan_2016-10-02,157.908
Shunyi_2016-10-02,122.22
Tiantan_2016-10-02,141.065
Wanliu_2016-10-02,152.501
Wanshouxigong_2016-10-02,144.379
Aotizhongxin_2016-10-03,100.746
Changping_2016-10-03,116.584
Dingling_2016-10-03,96.405
Dongsi_2016-10-03,111.724
Guanyuan_2016-10-03,109.332
Gucheng_2016-10-03,129.354
Huairou_2016-10-03,83.291
Nongzhanguan_2016-10-03,100.329
Shunyi_2016-10-03,92.886
Tiantan_2016-10-03,95.801
Wanliu_2016-10-03,119.348
Wanshouxigong_2016-10-03,92.269
Aotizhongxin_2016-10-04,43.111
Changping_2016-10-04,52.965
Dingling_2016-10-04,51.778
Guanyuan_2016-10-04,49.84
Gucheng_2016-10-04,38.706
Huairou_2016-10-04,65.23
Nongzhanguan_2016-10-04,51.68
Shunyi_2016-10-04,65.028
Tiantan_2016-10-04,47.322
Wanliu_2016-10-04,46.418
Wanshouxigong_2016-10-04,37.68
Aotizhongxin_2016-10-05,60.742
Changping_2016-10-05,64.535
Dingling_2016-10-05,49.468
Guanyuan_2016-10-05,67.221
Gucheng_2016-10-05,58.247
Huairou_2016-10-05,59.117
Nongzhanguan_2016-10-05,68.913
Shunyi_2016-10-05,65.685
Tiantan_2016-10-05,63.241
Wanliu_2016-10-05,56.732
Wanshouxigong_2016-10-05,60.532
Aotizhongxin_2016-10-06,80.263
Changping_2016-10-06,88.031
Dingling_2016-10-06,83.5
Dongsi_2016-10-06,88.639
Guanyuan_2016-10-06,91.595
Gucheng_2016-10-06,84.535
Huairou_2016-10-06,77.216
Nongzhanguan_2016-10-06,87.333
Shunyi_2016-10-06,85.846
Tiantan_2016-10-06,80.808
Wanliu_2016-10-06,88.876
Wanshouxigong_2016-10-06,75.267
Aotizhongxin_2016-10-07,57.135
Changping_2016-10-07,62.075
Dingling_2016-10-07,51.232
Dongsi_2016-10-07,56.83
Guanyuan_2016-10-07,58.689
Gucheng_2016-10-07,48.41
Huairou_2016-10-07,50.352
Nongzhanguan_2016-10-07,61.095
Shunyi_2016-10-07,74.923
Tiantan_2016-10-07,60.636
Wanliu_2016-10-07,53.719
Wanshouxigong_2016-10-07,57.201
Aotizhongxin_2016-10-08,3.718
Changping_2016-10-08,16.886
Dongsi_2016-10-08,5.24
Guanyuan_2016-10-08,8.255
Gucheng_2016-10-08,7.436
Huairou_2016-10-08,3.0
Nongzhanguan_2016-10-08,11.566
Shunyi_2016-10-08,15.318
Tiantan_2016-10-08,11.269
Wanliu_2016-10-08,13.707
Wanshouxigong_2016-10-08,3.592
Aotizhongxin_2016-10-09,44.74
Changping_2016-10-09,55.744
Dongsi_2016-10-09,58.09
Guanyuan_2016-10-09,49.021
Gucheng_2016-10-09,45.112
Huairou_2016-10-09,39.386
Nongzhanguan_2016-10-09,56.546
Tiantan_2016-10-09,52.023
Wanliu_2016-10-09,42.23
Wanshouxigong_2016-10-09,43.746
Aotizhongxin_2016-10-10,94.027
Changping_2016-10-10,76.598
Dongsi_2016-10-10,124.681
Guanyuan_2016-10-10,112.182
Gucheng_2016-10-10,92.252
Huairou_2016-10-10,76.366
Nongzhanguan_2016-10-10,118.121
Shunyi_2016-10-10,84.982
Tiantan_2016-10-10,92.721
Wanliu_2016-10-10,89.331
Wanshouxigong_2016-10-10,98.68
Aotizhongxin_2016-10-11,100.001
Changping_2016-10-11,84.33
Dongsi_2016-10-11,124.335
Guanyuan_2016-10-11,113.551
Gucheng_2016-10-11,103.331
Huairou_2016-10-11,103.836
Nongzhanguan_2016-10-11,118.146
Shunyi_2016-10-11,113.851
Tiantan_2016-10-11,109.127
Wanliu_2016-10-11,96.687
Wanshouxigong_2016-10-11,106.944
Aotizhongxin_2016-10-12,73.956
Changping_2016-10-12,90.808
Dongsi_2016-10-12,88.678
Guanyuan_2016-10-12,84.226
Gucheng_2016-10-12,86.876
Huairou_2016-10-12,90.829
Nongzhanguan_2016-10-12,85.898
Shunyi_2016-10-12,89.975
Tiantan_2016-10-12,75.732
Wanliu_2016-10-12,79.039
Wanshouxigong_2016-10-12,71.502
Aotizhongxin_2016-10-13,138.36
Changping_2016-10-13,109.787
Dongsi_2016-10-13,167.816
Guanyuan_2016-10-13,151.274
Gucheng_2016-10-13,128.912
Huairou_2016-10-13,117.32
Nongzhanguan_2016-10-13,150.66
Shunyi_2016-10-13,134.317
Tiantan_2016-10-13,128.738
Wanliu_2016-10-13,126.027
Wanshouxigong_2016-10-13,132.313
Aotizhongxin_2016-10-14,192.691
Changping_2016-10-14,196.379
Dingling_2016-10-14,178.19
Dongsi_2016-10-14,225.503
Guanyuan_2016-10-14,210.409
Gucheng_2016-10-14,208.327
Huairou_2016-10-14,192.631
Nongzhanguan_2016-10-14,193.651
Shunyi_2016-10-14,194.252
Tiantan_2016-10-14,173.981
Wanliu_2016-10-14,192.533
Wanshouxigong_2016-10-14,187.357
Aotizhongxin_2016-10-15,168.162
Changping_2016-10-15,170.742
Dingling_2016-10-15,164.631
Dongsi_2016-10-15,188.307
Guanyuan_2016-10-15,185.866
Gucheng_2016-10-15,187.525
Huairou_2016-10-15,137.923
Nongzhanguan_2016-10-15,173.315
Shunyi_2016-10-15,125.314
Tiantan_2016-10-15,151.915
Wanliu_2016-10-15,164.769
Wanshouxigong_2016-10-15,155.483
Aotizhongxin_2016-10-16,90.287
Changping_2016-10-16,121.704
Dingling_2016-10-16,112.632
Dongsi_2016-10-16,96.359
Guanyuan_2016-10-16,90.0
Gucheng_2016-10-16,90.28
Huairou_2016-10-16,101.739
Nongzhanguan_2016-10-16,92.181
Shunyi_2016-10-16,104.171
Tiantan_2016-10-16,89.167
Wanliu_2016-10-16,86.321
Wanshouxigong_2016-10-16,88.225
Aotizhongxin_2016-10-17,64.422
Changping_2016-10-17,49.316
Dingling_2016-10-17,26.419
Dongsi_2016-10-17,78.619
Guanyuan_2016-10-17,72.12
Gucheng_2016-10-17,64.083
Huairou_2016-10-17,44.144
Nongzhanguan_2016-10-17,70.619
Shunyi_2016-10-17,57.33
Tiantan_2016-10-17,69.66
Wanliu_2016-10-17,61.366
Wanshouxigong_2016-10-17,61.233
Aotizhongxin_2016-10-18,128.014
Changping_2016-10-18,126.999
Dingling_2016-10-18,109.611
Dongsi_2016-10-18,147.04
Guanyuan_2016-10-18,151.871
Gucheng_2016-10-18,130.482
Huairou_2016-10-18,109.964
Nongzhanguan_2016-10-18,138.291
Shunyi_2016-10-18,113.856
Tiantan_2016-10-18,133.307
Wanliu_2016-10-18,132.322
Wanshouxigong_2016-10-18,125.544
Aotizhongxin_2016-10-19,188.347
Changping_2016-10-19,174.782
Dingling_2016-10-19,161.364
Dongsi_2016-10-19,215.169
Guanyuan_2016-10-19,188.377
Gucheng_2016-10-19,193.451
Huairou_2016-10-19,191.976
Nongzhanguan_2016-10-19,190.435
Shunyi_2016-10-19,182.885
Tiantan_2016-10-19,182.153
Wanliu_2016-10-19,185.445
Wanshouxigong_2016-10-19,185.128
Aotizhongxin_2016-10-20,91.34
Changping_2016-10-20,92.114
Dingling_2016-10-20,98.113
Dongsi_2016-10-20,104.026
Guanyuan_2016-10-20,111.584
Gucheng_2016-10-20,97.423
Huairou_2016-10-20,104.851
Nongzhanguan_2016-10-20,97.628
Shunyi_2016-10-20,91.769
Tiantan_2016-10-20,90.53
Wanliu_2016-10-20,95.091
Wanshouxigong_2016-10-20,89.53
Aotizhongxin_2016-10-21,45.928
Changping_2016-10-21,49.31
Dingling_2016-10-21,45.482
Dongsi_2016-10-21,49.531
Guanyuan_2016-10-21,49.46
Gucheng_2016-10-21,44.343
Huairou_2016-10-21,41.578
Nongzhanguan_2016-10-21,49.472
Shunyi_2016-10-21,45.867
Tiantan_2016-10-21,50.92
Wanliu_2016-10-21,46.504
Wanshouxigong_2016-10-21,48.476
Aotizhongxin_2016-10-22,15.236
Changping_2016-10-22,23.786
Dingling_2016-10-22,20.595
Dongsi_2016-10-22,18.206
Guanyuan_2016-10-22,20.488
Gucheng_2016-10-22,14.738
Huairou_2016-10-22,10.402
Nongzhanguan_2016-10-22,19.25
Shunyi_2016-10-22,16.304
Tiantan_2016-10-22,18.707
Wanliu_2016-10-22,21.645
Wanshouxigong_2016-10-22,17.847
Aotizhongxin_2016-10-23,27.563
Changping_2016-10-23,41.267
Dingling_2016-10-23,27.623
Dongsi_2016-10-23,39.32
Guanyuan_2016-10-23,34.055
Gucheng_2016-10-23,32.26
Huairou_2016-10-23,21.571
Nongzhanguan_2016-10-23,36.669
Shunyi_2016-10-23,33.519
Tiantan_2016-10-23,32.614
Wanliu_2016-10-23,31.368
Wanshouxigong_2016-10-23,33.307
Aotizhongxin_2016-10-24,97.95
Changping_2016-10-24,73.049
Dingling_2016-10-24,55.117
Dongsi_2016-10-24,111.238
Guanyuan_2016-10-24,96.633
Gucheng_2016-10-24,77.263
Huairou_2016-10-24,65.651
Nongzhanguan_2016-10-24,104.097
Shunyi_2016-10-24,84.879
Tiantan_2016-10-24,84.676
Wanliu_2016-10-24,81.722
Wanshouxigong_2016-10-24,88.028
Aotizhongxin_2016-10-25,103.318
Changping_2016-10-25,94.181
Dingling_2016-10-25,78.06
Dongsi_2016-10-25,139.378
Guanyuan_2016-10-25,113.71
Gucheng_2016-10-25,93.562
Huairou_2016-10-25,97.597
Nongzhanguan_2016-10-25,126.068
Shunyi_2016-10-25,104.477
Tiantan_2016-10-25,105.959
Wanliu_2016-10-25,102.588
Wanshouxigong_2016-10-25,109.618
Aotizhongxin_2016-10-26,54.991
Changping_2016-10-26,55.969
Dingling_2016-10-26,41.96
Dongsi_2016-10-26,65.094
Guanyuan_2016-10-26,63.1
Gucheng_2016-10-26,54.64
Huairou_2016-10-26,39.949
Nongzhanguan_2016-10-26,60.667
Tiantan_2016-10-26,56.15
Wanliu_2016-10-26,55.248
Wanshouxigong_2016-10-26,59.689
Aotizhongxin_2016-10-27,51.512
Changping_2016-10-27,44.894
Dingling_2016-10-27,48.019
Guanyuan_2016-10-27,55.902
Gucheng_2016-10-27,46.574
Huairou_2016-10-27,43.879
Nongzhanguan_2016-10-27,62.27
Tiantan_2016-10-27,60.271
Wanliu_2016-10-27,51.051
Wanshouxigong_2016-10-27,52.561
Aotizhongxin_2016-10-28,6.985
Changping_2016-10-28,5.813
Dingling_2016-10-28,10.767
Guanyuan_2016-10-28,11.787
Gucheng_2016-10-28,14.549
Huairou_2016-10-28,6.389
Nongzhanguan_2016-10-28,8.092
Shunyi_2016-10-28,23.513
Tiantan_2016-10-28,12.52
Wanliu_2016-10-28,13.414
Wanshouxigong_2016-10-28,8.27
Aotizhongxin_2016-10-29,28.101
Changping_2016-10-29,25.483
Dingling_2016-10-29,27.528
Dongsi_2016-10-29,34.496
Guanyuan_2016-10-29,34.158
Gucheng_2016-10-29,46.612
Huairou_2016-10-29,39.421
Nongzhanguan_2016-10-29,39.997
Shunyi_2016-10-29,59.193
Tiantan_2016-10-29,43.135
Wanliu_2016-10-29,39.313
Wanshouxigong_2016-10-29,30.176
Aotizhongxin_2016-10-30,54.97
Changping_2016-10-30,36.056
Dingling_2016-10-30,32.013
Dongsi_2016-10-30,68.137
Guanyuan_2016-10-30,64.794
Gucheng_2016-10-30,56.949
Huairou_2016-10-30,35.225
Nongzhanguan_2016-10-30,65.792
Shunyi_2016-10-30,65.843
Tiantan_2016-10-30,70.72
Wanliu_2016-10-30,57.831
Wanshouxigong_2016-10-30,56.92
Aotizhongxin_2016-10-31,3.0
Changping_2016-10-31,7.29
Dingling_2016-10-31,4.009
Dongsi_2016-10-31,3.0
Guanyuan_2016-10-31,3.0
Gucheng_2016-10-31,3.0
Huairou_2016-10-31,3.0
Nongzhanguan_2016-10-31,3.0
Shunyi_2016-10-31,11.571
Tiantan_2016-10-31,5.924
Wanliu_2016-10-31,3.0
Wanshouxigong_2016-10-31,3.0
Aotizhongxin_2016-11-01,43.501
Changping_2016-11-01,45.126
Dingling_2016-11-01,39.143
Dongsi_2016-11-01,49.331
Guanyuan_2016-11-01,50.491
Gucheng_2016-11-01,60.675
Huairou_2016-11-01,49.258
Nongzhanguan_2016-11-01,53.439
Shunyi_2016-11-01,62.261
Tiantan_2016-11-01,37.048
Wanliu_2016-11-01,52.415
Wanshouxigong_2016-11-01,54.324
Aotizhongxin_2016-11-02,107.546
Changping_2016-11-02,74.627
Dingling_2016-11-02,46.596
Dongsi_2016-11-02,125.43
Guanyuan_2016-11-02,125.658
Gucheng_2016-11-02,111.667
Huairou_2016-11-02,94.827
Nongzhanguan_2016-11-02,131.176
Shunyi_2016-11-02,121.444
Tiantan_2016-11-02,109.756
Wanliu_2016-11-02,115.035
Wanshouxigong_2016-11-02,120.544
Aotizhongxin_2016-11-03,195.19
Changping_2016-11-03,135.318
Dingling_2016-11-03,106.891
Dongsi_2016-11-03,210.745
Guanyuan_2016-11-03,208.361
Gucheng_2016-11-03,183.789
Huairou_2016-11-03,184.373
Nongzhanguan_2016-11-03,216.186
Shunyi_2016-11-03,197.136
Tiantan_2016-11-03,179.997
Wanliu_2016-11-03,184.61
Wanshouxigong_2016-11-03,194.54
Aotizhongxin_2016-11-04,243.227
Changping_2016-11-04,216.277
Dingling_2016-11-04,202.035
Dongsi_2016-11-04,254.34
Guanyuan_2016-11-04,275.72
Gucheng_2016-11-04,235.95
Huairou_2016-11-04,218.086
Nongzhanguan_2016-11-04,253.789
Shunyi_2016-11-04,185.346
Tiantan_2016-11-04,211.689
Wanliu_2016-11-04,246.897
Wanshouxigong_2016-11-04,232.018
Aotizhongxin_2016-11-05,173.793
Changping_2016-11-05,180.201
Dingling_2016-11-05,151.846
Dongsi_2016-11-05,183.907
Guanyuan_2016-11-05,196.086
Gucheng_2016-11-05,177.355
Huairou_2016-11-05,169.515
Nongzhanguan_2016-11-05,178.724
Shunyi_2016-11-05,160.78
Tiantan_2016-11-05,182.12
Wanliu_2016-11-05,176.381
Wanshouxigong_2016-11-05,179.929
Aotizhongxin_2016-11-06,63.758
Changping_2016-11-06,64.656
Dingling_2016-11-06,65.017
Dongsi_2016-11-06,63.982
Guanyuan_2016-11-06,57.171
Gucheng_2016-11-06,62.448
Huairou_2016-11-06,77.005
Nongzhanguan_2016-11-06,57.74
Shunyi_2016-11-06,70.001
Tiantan_2016-11-06,58.776
Wanliu_2016-11-06,56.389
Wanshouxigong_2016-11-06,58.04
Aotizhongxin_2016-11-07,43.026
Changping_2016-11-07,27.806
Dingling_2016-11-07,23.254
Dongsi_2016-11-07,37.804
Guanyuan_2016-11-07,37.891
Gucheng_2016-11-07,26.33
Huairou_2016-11-07,41.929
Nongzhanguan_2016-11-07,38.912
Shunyi_2016-11-07,37.194
Tiantan_2016-11-07,40.627
Wanliu_2016-11-07,31.255
Wanshouxigong_2016-11-07,34.772
Aotizhongxin_2016-11-08,47.559
Changping_2016-11-08,40.454
Dingling_2016-11-08,33.367
Dongsi_2016-11-08,50.96
Guanyuan_2016-11-08,51.052
Gucheng_2016-11-08,60.211
Huairou_2016-11-08,38.967
Nongzhanguan_2016-11-08,37.585
Shunyi_2016-11-08,51.656
Tiantan_2016-11-08,40.691
Wanliu_2016-11-08,51.428
Wanshouxigong_2016-11-08,45.791
Aotizhongxin_2016-11-09,164.759
Changping_2016-11-09,149.403
Dingling_2016-11-09,118.897
Dongsi_2016-11-09,183.026
Guanyuan_2016-11-09,189.842
Gucheng_2016-11-09,156.893
Huairou_2016-11-09,125.964
Nongzhanguan_2016-11-09,191.696
Shunyi_2016-11-09,148.952
Tiantan_2016-11-09,159.783
Wanliu_2016-11-09,176.102
Wanshouxigong_2016-11-09,171.635
Aotizhongxin_2016-11-10,125.615
Changping_2016-11-10,143.433
Dingling_2016-11-10,127.472
Dongsi_2016-11-10,124.786
Guanyuan_2016-11-10,134.863
Gucheng_2016-11-10,152.32
Huairou_2016-11-10,147.83
Nongzhanguan_2016-11-10,121.949
Shunyi_2016-11-10,133.99
Tiantan_2016-11-10,115.968
Wanliu_2016-11-10,160.652
Wanshouxigong_2016-11-10,116.327
Aotizhongxin_2016-11-11,89.252
Changping_2016-11-11,82.487
Dingling_2016-11-11,55.53
Dongsi_2016-11-11,110.256
Guanyuan_2016-11-11,122.915
Gucheng_2016-11-11,92.804
Huairou_2016-11-11,72.046
Nongzhanguan_2016-11-11,100.729
Shunyi_2016-11-11,100.851
Tiantan_2016-11-11,97.799
Wanliu_2016-11-11,101.353
Wanshouxigong_2016-11-11,108.53
Aotizhongxin_2016-11-12,94.084
Changping_2016-11-12,123.516
Dingling_2016-11-12,87.492
Dongsi_2016-11-12,103.988
Guanyuan_2016-11-12,112.046
Gucheng_2016-11-12,103.471
Huairou_2016-11-12,93.935
Nongzhanguan_2016-11-12,99.773
Shunyi_2016-11-12,85.101
Tiantan_2016-11-12,91.568
Wanliu_2016-11-12,106.637
Wanshouxigong_2016-11-12,100.885
Aotizhongxin_2016-11-13,131.585
Changping_2016-11-13,113.028
Dingling_2016-11-13,102.226
Dongsi_2016-11-13,143.702
Guanyuan_2016-11-13,143.237
Gucheng_2016-11-13,123.844
Huairou_2016-11-13,117.898
Nongzhanguan_2016-11-13,156.559
Shunyi_2016-11-13,142.663
Tiantan_2016-11-13,137.911
Wanliu_2016-11-13,124.222
Wanshouxigong_2016-11-13,138.971
Aotizhongxin_2016-11-14,35.937
Changping_2016-11-14,42.888
Dingling_2016-11-14,27.656
Dongsi_2016-11-14,48.768
Guanyuan_2016-11-14,65.545
Gucheng_2016-11-14,16.427
Huairou_2016-11-14,19.223
Nongzhanguan_2016-11-14,54.995
Shunyi_2016-11-14,42.214
Tiantan_2016-11-14,47.775
Wanliu_2016-11-14,38.703
Wanshouxigong_2016-11-14,41.223
Aotizhongxin_2016-11-15,45.854
Changping_2016-11-15,60.755
Dingling_2016-11-15,36.28
Dongsi_2016-11-15,61.539
Guanyuan_2016-11-15,59.045
Gucheng_2016-11-15,64.388
Huairou_2016-11-15,37.344
Nongzhanguan_2016-11-15,71.916
Shunyi_2016-11-15,55.849
Tiantan_2016-11-15,55.439
Wanliu_2016-11-15,70.21
Wanshouxigong_2016-11-15,56.897
Aotizhongxin_2016-11-16,119.729
Changping_2016-11-16,115.71
Dingling_2016-11-16,108.211
Dongsi_2016-11-16,132.356
Guanyuan_2016-11-16,138.237
Gucheng_2016-11-16,138.509
Huairou_2016-11-16,91.02
Nongzhanguan_2016-11-16,146.333
Shunyi_2016-11-16,117.997
Tiantan_2016-11-16,120.748
Wanliu_2016-11-16,129.201
Wanshouxigong_2016-11-16,129.035
Aotizhongxin_2016-11-17,138.681
Changping_2016-11-17,147.055
Dingling_2016-11-17,141.425
Dongsi_2016-11-17,139.211
Guanyuan_2016-11-17,139.845
Gucheng_2016-11-17,116.471
Huairou_2016-11-17,158.882
Nongzhanguan_2016-11-17,163.049
Shunyi_2016-11-17,194.93
Tiantan_2016-11-17,134.748
Wanliu_2016-11-17,114.141
Wanshouxigong_2016-11-17,133.611
Aotizhongxin_2016-11-18,232.258
Changping_2016-11-18,229.714
Dingling_2016-11-18,220.2
Dongsi_2016-11-18,242.04
Guanyuan_2016-11-18,251.799
Gucheng_2016-11-18,217.423
Huairou_2016-11-18,238.008
Nongzhanguan_2016-11-18,266.308
Shunyi_2016-11-18,226.379
Tiantan_2016-11-18,225.623
Wanliu_2016-11-18,240.386
Wanshouxigong_2016-11-18,241.715
Aotizhongxin_2016-11-19,121.53
Changping_2016-11-19,101.818
Dingling_2016-11-19,70.773
Dongsi_2016-11-19,127.808
Guanyuan_2016-11-19,137.237
Gucheng_2016-11-19,137.238
Huairou_2016-11-19,102.185
Nongzhanguan_2016-11-19,123.515
Shunyi_2016-11-19,107.711
Tiantan_2016-11-19,124.967
Wanliu_2016-11-19,145.753
Wanshouxigong_2016-11-19,130.604
Aotizhongxin_2016-11-20,57.016
Changping_2016-11-20,61.632
Dingling_2016-11-20,71.507
Dongsi_2016-11-20,66.807
Guanyuan_2016-11-20,61.56
Gucheng_2016-11-20,57.634
Huairou_2016-11-20,45.825
Nongzhanguan_2016-11-20,62.497
Shunyi_2016-11-20,52.639
Tiantan_2016-11-20,68.443
Wanliu_2016-11-20,59.547
Wanshouxigong_2016-11-20,62.905
Aotizhongxin_2016-11-21,14.463
Changping_2016-11-21,12.353
Dingling_2016-11-21,13.828
Dongsi_2016-11-21,11.868
Guanyuan_2016-11-21,12.936
Gucheng_2016-11-21,3.28
Huairou_2016-11-21,3.0
Nongzhanguan_2016-11-21,12.603
Shunyi_2016-11-21,5.29
Tiantan_2016-11-21,16.575
Wanliu_2016-11-21,9.943
Wanshouxigong_2016-11-21,8.209
Aotizhongxin_2016-11-22,3.0
Changping_2016-11-22,15.356
Dingling_2016-11-22,9.061
Dongsi_2016-11-22,8.479
Guanyuan_2016-11-22,4.438
Gucheng_2016-11-22,3.0
Huairou_2016-11-22,3.0
Nongzhanguan_2016-11-22,4.918
Shunyi_2016-11-22,9.032
Tiantan_2016-11-22,11.654
Wanliu_2016-11-22,5.561
Wanshouxigong_2016-11-22,3.417
Aotizhongxin_2016-11-23,9.761
Changping_2016-11-23,18.196
Dingling_2016-11-23,5.828
Dongsi_2016-11-23,17.862
Guanyuan_2016-11-23,14.281
Gucheng_2016-11-23,25.733
Huairou_2016-11-23,8.076
Nongzhanguan_2016-11-23,9.895
Shunyi_2016-11-23,13.36
Tiantan_2016-11-23,28.02
Wanliu_2016-11-23,13.564
Wanshouxigong_2016-11-23,22.211
Aotizhongxin_2016-11-24,70.311
Changping_2016-11-24,56.797
Dingling_2016-11-24,51.882
Dongsi_2016-11-24,95.714
Guanyuan_2016-11-24,72.547
Gucheng_2016-11-24,76.136
Huairou_2016-11-24,65.814
Nongzhanguan_2016-11-24,79.571
Shunyi_2016-11-24,70.112
Tiantan_2016-11-24,84.464
Wanliu_2016-11-24,77.895
Wanshouxigong_2016-11-24,81.988
Aotizhongxin_2016-11-25,166.802
Changping_2016-11-25,140.628
Dingling_2016-11-25,122.244
Dongsi_2016-11-25,198.375
Guanyuan_2016-11-25,169.778
Gucheng_2016-11-25,181.926
Huairou_2016-11-25,107.279
Nongzhanguan_2016-11-25,187.449
Shunyi_2016-11-25,147.745
Tiantan_2016-11-25,185.002
Wanliu_2016-11-25,188.861
Wanshouxigong_2016-11-25,173.188
Aotizhongxin_2016-11-26,297.563
Changping_2016-11-26,217.462
Dingling_2016-11-26,194.232
Dongsi_2016-11-26,289.275
Guanyuan_2016-11-26,290.94
Gucheng_2016-11-26,295.209
Huairou_2016-11-26,212.666
Nongzhanguan_2016-11-26,330.016
Shunyi_2016-11-26,277.651
Tiantan_2016-11-26,307.008
Wanliu_2016-11-26,292.187
Wanshouxigong_2016-11-26,308.209
Aotizhongxin_2016-11-27,54.895
Changping_2016-11-27,56.48
Dingling_2016-11-27,32.244
Dongsi_2016-11-27,56.977
Guanyuan_2016-11-27,45.17
Gucheng_2016-11-27,29.947
Huairou_2016-11-27,48.741
Nongzhanguan_2016-11-27,109.33
Shunyi_2016-11-27,97.682
Tiantan_2016-11-27,53.061
Wanliu_2016-11-27,49.615
Wanshouxigong_2016-11-27,51.132
Aotizhongxin_2016-11-28,84.565
Changping_2016-11-28,76.337
Dingling_2016-11-28,59.544
Dongsi_2016-11-28,87.285
Guanyuan_2016-11-28,76.917
Gucheng_2016-11-28,104.074
Huairou_2016-11-28,42.936
Nongzhanguan_2016-11-28,104.924
Shunyi_2016-11-28,61.449
Tiantan_2016-11-28,93.133
Wanliu_2016-11-28,100.201
Wanshouxigong_2016-11-28,92.993
Aotizhongxin_2016-11-29,145.758
Changping_2016-11-29,135.763
Dingling_2016-11-29,112.594
Dongsi_2016-11-29,140.074
Guanyuan_2016-11-29,154.014
Gucheng_2016-11-29,153.799
Huairou_2016-11-29,92.388
Nongzhanguan_2016-11-29,133.133
Shunyi_2016-11-29,106.748
Tiantan_2016-11-29,145.185
Wanliu_2016-11-29,175.758
Wanshouxigong_2016-11-29,133.955
Aotizhongxin_2016-11-30,110.489
Changping_2016-11-30,105.286
Dingling_2016-11-30,68.216
Dongsi_2016-11-30,134.293
Guanyuan_2016-11-30,120.882
Gucheng_2016-11-30,127.076
Huairou_2016-11-30,88.318
Nongzhanguan_2016-11-30,114.541
Shunyi_2016-11-30,113.517
Tiantan_2016-11-30,123.853
Wanliu_2016-11-30,114.394
Wanshouxigong_2016-11-30,119.169
Aotizhongxin_2016-12-01,25.402
Changping_2016-12-01,22.707
Dingling_2016-12-01,15.38
Dongsi_2016-12-01,36.272
Guanyuan_2016-12-01,33.439
Gucheng_2016-12-01,41.604
Huairou_2016-12-01,19.329
Nongzhanguan_2016-12-01,27.581
Shunyi_2016-12-01,23.594
Tiantan_2016-12-01,36.58
Wanliu_2016-12-01,35.305
Wanshouxigong_2016-12-01,31.566
Aotizhongxin_2016-12-02,87.764
Changping_2016-12-02,101.121
Dingling_2016-12-02,79.667
Dongsi_2016-12-02,122.76
Guanyuan_2016-12-02,109.83
Gucheng_2016-12-02,115.858
Huairou_2016-12-02,53.569
Nongzhanguan_2016-12-02,117.441
Shunyi_2016-12-02,79.462
Tiantan_2016-12-02,124.86
Wanliu_2016-12-02,129.464
Wanshouxigong_2016-12-02,118.137
Aotizhongxin_2016-12-03,201.049
Changping_2016-12-03,148.715
Dingling_2016-12-03,120.656
Dongsi_2016-12-03,243.969
Guanyuan_2016-12-03,200.863
Gucheng_2016-12-03,178.074
Huairou_2016-12-03,149.668
Nongzhanguan_2016-12-03,262.474
Shunyi_2016-12-03,205.824
Tiantan_2016-12-03,237.272
Wanliu_2016-12-03,176.404
Wanshouxigong_2016-12-03,214.997
Aotizhongxin_2016-12-04,277.724
Changping_2016-12-04,153.66
Dingling_2016-12-04,104.871
Dongsi_2016-12-04,311.361
Guanyuan_2016-12-04,287.495
Gucheng_2016-12-04,225.818
Huairou_2016-12-04,157.29
Nongzhanguan_2016-12-04,280.254
Shunyi_2016-12-04,235.517
Tiantan_2016-12-04,285.973
Wanliu_2016-12-04,260.271
Wanshouxigong_2016-12-04,280.927
Aotizhongxin_2016-12-05,31.128
Changping_2016-12-05,54.675
Dingling_2016-12-05,46.696
Dongsi_2016-12-05,42.104
Guanyuan_2016-12-05,43.948
Gucheng_2016-12-05,55.695
Huairou_2016-12-05,42.242
Nongzhanguan_2016-12-05,38.421
Shunyi_2016-12-05,84.899
Tiantan_2016-12-05,40.854
Wanliu_2016-12-05,44.87
Wanshouxigong_2016-12-05,36.122
Aotizhongxin_2016-12-06,111.556
Changping_2016-12-06,71.567
Dingling_2016-12-06,47.327
Dongsi_2016-12-06,134.147
Guanyuan_2016-12-06,113.593
Gucheng_2016-12-06,83.899
Huairou_2016-12-06,57.394
Nongzhanguan_2016-12-06,121.644
Shunyi_2016-12-06,110.184
Tiantan_2016-12-06,108.67
Wanliu_2016-12-06,105.949
Wanshouxigong_2016-12-06,101.05
Aotizhongxin_2016-12-07,146.617
Changping_2016-12-07,94.796
Dingling_2016-12-07,59.985
Dongsi_2016-12-07,170.892
Guanyuan_2016-12-07,151.344
Gucheng_2016-12-07,128.863
Huairou_2016-12-07,120.092
Nongzhanguan_2016-12-07,154.407
Shunyi_2016-12-07,128.835
Tiantan_2016-12-07,169.346
Wanliu_2016-12-07,148.395
Wanshouxigong_2016-12-07,156.506
Aotizhongxin_2016-12-08,88.678
Changping_2016-12-08,98.69
Dingling_2016-12-08,66.314
Dongsi_2016-12-08,115.622
Guanyuan_2016-12-08,103.75
Gucheng_2016-12-08,106.154
Huairou_2016-12-08,65.043
Nongzhanguan_2016-12-08,101.655
Shunyi_2016-12-08,80.407
Tiantan_2016-12-08,113.369
Wanliu_2016-12-08,87.99
Wanshouxigong_2016-12-08,100.098
Aotizhongxin_2016-12-09,20.193
Changping_2016-12-09,19.634
Dingling_2016-12-09,17.022
Dongsi_2016-12-09,24.47
Guanyuan_2016-12-09,23.601
Gucheng_2016-12-09,28.572
Huairou_2016-12-09,16.228
Nongzhanguan_2016-12-09,21.255
Shunyi_2016-12-09,30.831
Tiantan_2016-12-09,23.525
Wanliu_2016-12-09,27.466
Wanshouxigong_2016-12-09,23.297
Aotizhongxin_2016-12-10,56.176
Changping_2016-12-10,70.019
Dingling_2016-12-10,65.592
Dongsi_2016-12-10,66.406
Guanyuan_2016-12-10,57.753
Gucheng_2016-12-10,68.716
Huairou_2016-12-10,25.834
Nongzhanguan_2016-12-10,62.458
Shunyi_2016-12-10,50.667
Tiantan_2016-12-10,60.3
Wanliu_2016-12-10,84.91
Wanshouxigong_2016-12-10,63.417
Aotizhongxin_2016-12-11,197.617
Changping_2016-12-11,144.825
Dingling_2016-12-11,120.25
Dongsi_2016-12-11,216.636
Guanyuan_2016-12-11,192.721
Gucheng_2016-12-11,171.19
Huairou_2016-12-11,103.595
Nongzhanguan_2016-12-11,232.056
Shunyi_2016-12-11,166.135
Tiantan_2016-12-11,191.787
Wanliu_2016-12-11,179.318
Wanshouxigong_2016-12-11,183.633
Aotizhongxin_2016-12-12,180.507
Changping_2016-12-12,215.803
Dingling_2016-12-12,195.511
Dongsi_2016-12-12,210.573
Guanyuan_2016-12-12,184.795
Gucheng_2016-12-12,216.619
Huairou_2016-12-12,157.286
Nongzhanguan_2016-12-12,192.57
Shunyi_2016-12-12,202.9
Tiantan_2016-12-12,203.253
Wanliu_2016-12-12,206.34
Wanshouxigong_2016-12-12,184.842
Aotizhongxin_2016-12-13,43.996
Changping_2016-12-13,70.985
Dingling_2016-12-13,38.511
Dongsi_2016-12-13,32.694
Guanyuan_2016-12-13,35.701
Gucheng_2016-12-13,77.019
Huairou_2016-12-13,15.658
Nongzhanguan_2016-12-13,39.41
Shunyi_2016-12-13,31.113
Tiantan_2016-12-13,45.029
Wanliu_2016-12-13,76.405
Wanshouxigong_2016-12-13,43.126
Aotizhongxin_2016-12-14,17.634
Changping_2016-12-14,20.162
Dingling_2016-12-14,15.882
Dongsi_2016-12-14,25.889
Guanyuan_2016-12-14,17.717
Gucheng_2016-12-14,28.181
Huairou_2016-12-14,20.235
Nongzhanguan_2016-12-14,21.819
Shunyi_2016-12-14,24.102
Tiantan_2016-12-14,26.036
Wanliu_2016-12-14,29.139
Wanshouxigong_2016-12-14,23.571
Aotizhongxin_2016-12-15,34.769
Changping_2016-12-15,22.146
Dingling_2016-12-15,13.791
Dongsi_2016-12-15,42.748
Guanyuan_2016-12-15,32.974
Gucheng_2016-12-15,42.229
Huairou_2016-12-15,23.271
Nongzhanguan_2016-12-15,35.894
Shunyi_2016-12-15,34.439
Tiantan_2016-12-15,38.399
Wanliu_2016-12-15,38.599
Wanshouxigong_2016-12-15,34.365
Aotizhongxin_2016-12-16,93.019
Changping_2016-12-16,72.395
Dingling_2016-12-16,55.337
Dongsi_2016-12-16,150.634
Guanyuan_2016-12-16,146.057
Gucheng_2016-12-16,144.701
Huairou_2016-12-16,35.557
Nongzhanguan_2016-12-16,134.818
Shunyi_2016-12-16,59.058
Tiantan_2016-12-16,173.639
Wanliu_2016-12-16,123.512
Wanshouxigong_2016-12-16,170.344
Aotizhongxin_2016-12-17,202.334
Changping_2016-12-17,137.838
Dingling_2016-12-17,113.71
Dongsi_2016-12-17,233.111
Guanyuan_2016-12-17,215.735
Gucheng_2016-12-17,165.059
Huairou_2016-12-17,102.153
Nongzhanguan_2016-12-17,226.994
Shunyi_2016-12-17,176.101
Tiantan_2016-12-17,226.705
Wanliu_2016-12-17,195.68
Wanshouxigong_2016-12-17,200.471
Aotizhongxin_2016-12-18,218.213
Changping_2016-12-18,197.876
Dingling_2016-12-18,164.38
Dongsi_2016-12-18,249.036
Guanyuan_2016-12-18,221.373
Gucheng_2016-12-18,181.044
Huairou_2016-12-18,138.047
Nongzhanguan_2016-12-18,239.987
Shunyi_2016-12-18,174.348
Tiantan_2016-12-18,224.785
Wanliu_2016-12-18,205.953
Wanshouxigong_2016-12-18,231.458
Aotizhongxin_2016-12-19,227.631
Changping_2016-12-19,170.035
Dingling_2016-12-19,158.504
Dongsi_2016-12-19,250.504
Guanyuan_2016-12-19,262.736
Gucheng_2016-12-19,172.142
Huairou_2016-12-19,120.356
Nongzhanguan_2016-12-19,229.557
Shunyi_2016-12-19,183.187
Tiantan_2016-12-19,239.597
Wanliu_2016-12-19,232.193
Wanshouxigong_2016-12-19,270.729
Aotizhongxin_2016-12-20,350.939
Changping_2016-12-20,263.713
Dingling_2016-12-20,279.793
Dongsi_2016-12-20,432.35
Guanyuan_2016-12-20,412.44
Gucheng_2016-12-20,460.783
Huairou_2016-12-20,354.015
Nongzhanguan_2016-12-20,381.42
Shunyi_2016-12-20,316.381
Tiantan_2016-12-20,430.279
Wanliu_2016-12-20,379.345
Wanshouxigong_2016-12-20,421.138
Aotizhongxin_2016-12-21,370.151
Changping_2016-12-21,399.365
Dingling_2016-12-21,398.106
Dongsi_2016-12-21,421.755
Guanyuan_2016-12-21,411.369
Gucheng_2016-12-21,452.365
Huairou_2016-12-21,393.784
Nongzhanguan_2016-12-21,383.362
Shunyi_2016-12-21,376.312
Tiantan_2016-12-21,432.378
Wanliu_2016-12-21,386.604
Wanshouxigong_2016-12-21,426.491
Aotizhongxin_2016-12-22,48.086
Changping_2016-12-22,28.574
Dingling_2016-12-22,3.0
Dongsi_2016-12-22,68.568
Guanyuan_2016-12-22,42.519
Gucheng_2016-12-22,3.0
Huairou_2016-12-22,107.196
Nongzhanguan_2016-12-22,67.742
Shunyi_2016-12-22,92.169
Tiantan_2016-12-22,76.453
Wanliu_2016-12-22,43.553
Wanshouxigong_2016-12-22,71.547
Aotizhongxin_2016-12-23,21.308
Changping_2016-12-23,27.014
Dingling_2016-12-23,31.819
Dongsi_2016-12-23,37.606
Guanyuan_2016-12-23,27.464
Gucheng_2016-12-23,33.025
Huairou_2016-12-23,14.621
Nongzhanguan_2016-12-23,31.72
Shunyi_2016-12-23,23.859
Tiantan_2016-12-23,36.243
Wanliu_2016-12-23,30.52
Wanshouxigong_2016-12-23,24.966
Aotizhongxin_2016-12-24,141.981
Changping_2016-12-24,130.96
Dingling_2016-12-24,107.527
Dongsi_2016-12-24,167.696
Guanyuan_2016-12-24,142.025
Gucheng_2016-12-24,143.579
Huairou_2016-12-24,84.351
Nongzhanguan_2016-12-24,146.558
Shunyi_2016-12-24,123.858
Tiantan_2016-12-24,126.65
Wanliu_2016-12-24,143.963
Wanshouxigong_2016-12-24,118.833
Aotizhongxin_2016-12-25,161.292
Changping_2016-12-25,141.431
Dingling_2016-12-25,148.391
Dongsi_2016-12-25,170.544
Guanyuan_2016-12-25,158.559
Gucheng_2016-12-25,150.621
Huairou_2016-12-25,123.952
Shunyi_2016-12-25,132.017
Tiantan_2016-12-25,168.13
Wanliu_2016-12-25,159.066
Wanshouxigong_2016-12-25,157.244
Aotizhongxin_2016-12-26,38.366
Changping_2016-12-26,46.05
Dingling_2016-12-26,37.24
Dongsi_2016-12-26,48.048
Guanyuan_2016-12-26,34.326
Gucheng_2016-12-26,35.095
Huairou_2016-12-26,21.851
Nongzhanguan_2016-12-26,44.778
Shunyi_2016-12-26,42.23
Tiantan_2016-12-26,40.925
Wanliu_2016-12-26,35.328
Wanshouxigong_2016-12-26,35.8
Aotizhongxin_2016-12-27,30.322
Changping_2016-12-27,37.254
Dingling_2016-12-27,29.676
Dongsi_2016-12-27,42.385
Guanyuan_2016-12-27,34.991
Gucheng_2016-12-27,45.677
Huairou_2016-12-27,26.413
Nongzhanguan_2016-12-27,36.265
Shunyi_2016-12-27,39.491
Tiantan_2016-12-27,42.518
Wanliu_2016-12-27,45.011
Wanshouxigong_2016-12-27,30.459
Aotizhongxin_2016-12-28,51.673
Changping_2016-12-28,37.666
Dingling_2016-12-28,37.606
Dongsi_2016-12-28,73.028
Guanyuan_2016-12-28,57.695
Gucheng_2016-12-28,57.311
Huairou_2016-12-28,53.945
Nongzhanguan_2016-12-28,70.876
Shunyi_2016-12-28,81.343
Tiantan_2016-12-28,69.554
Wanliu_2016-12-28,58.56
Wanshouxigong_2016-12-28,58.853
Aotizhongxin_2016-12-29,43.855
Changping_2016-12-29,29.813
Dingling_2016-12-29,30.102
Dongsi_2016-12-29,71.742
Guanyuan_2016-12-29,55.696
Gucheng_2016-12-29,47.521
Huairou_2016-12-29,35.534
Nongzhanguan_2016-12-29,72.0
Shunyi_2016-12-29,42.724
Tiantan_2016-12-29,60.816
Wanliu_2016-12-29,49.968
Wanshouxigong_2016-12-29,60.967
Aotizhongxin_2016-12-30,194.126
Changping_2016-12-30,124.642
Dingling_2016-12-30,113.06
Dongsi_2016-12-30,310.989
Guanyuan_2016-12-30,238.957
Gucheng_2016-12-30,188.908
Huairou_2016-12-30,105.233
Nongzhanguan_2016-12-30,263.751
Shunyi_2016-12-30,166.232
Tiantan_2016-12-30,277.673
Wanliu_2016-12-30,207.199
Wanshouxigong_2016-12-30,265.93
Aotizhongxin_2016-12-31,280.155
Changping_2016-12-31,207.794
Dingling_2016-12-31,194.843
Dongsi_2016-12-31,390.82
Guanyuan_2016-12-31,322.592
Gucheng_2016-12-31,293.872
Huairou_2016-12-31,142.146
Nongzhanguan_2016-12-31,326.534
Shunyi_2016-12-31,222.297
Tiantan_2016-12-31,358.966
Wanliu_2016-12-31,297.286
Wanshouxigong_2016-12-31,351.581
Aotizhongxin_2017-01-01,431.115
Changping_2017-01-01,420.924
Dingling_2017-01-01,289.136
Dongsi_2017-01-01,522.866
Guanyuan_2017-01-01,478.194
Gucheng_2017-01-01,486.588
Huairou_2017-01-01,424.365
Nongzhanguan_2017-01-01,444.261
Shunyi_2017-01-01,412.097
Tiantan_2017-01-01,445.012
Wanliu_2017-01-01,465.641
Wanshouxigong_2017-01-01,416.601
Aotizhongxin_2017-01-02,175.479
Changping_2017-01-02,147.46
Dingling_2017-01-02,94.786
Dongsi_2017-01-02,241.654
Guanyuan_2017-01-02,190.266
Gucheng_2017-01-02,186.122
Huairou_2017-01-02,191.854
Nongzhanguan_2017-01-02,195.894
Shunyi_2017-01-02,237.979
Tiantan_2017-01-02,249.729
Wanliu_2017-01-02,192.94
Wanshouxigong_2017-01-02,258.247
Aotizhongxin_2017-01-03,294.915
Changping_2017-01-03,220.233
Dingling_2017-01-03,178.879
Dongsi_2017-01-03,391.695
Gucheng_2017-01-03,322.918
Huairou_2017-01-03,164.723
Nongzhanguan_2017-01-03,378.767
Shunyi_2017-01-03,292.54
Tiantan_2017-01-03,398.102
Wanliu_2017-01-03,299.452
Wanshouxigong_2017-01-03,382.014
Aotizhongxin_2017-01-04,380.924
Changping_2017-01-04,263.05
Dingling_2017-01-04,144.191
Dongsi_2017-01-04,323.599
Gucheng_2017-01-04,468.283
Huairou_2017-01-04,215.48
Nongzhanguan_2017-01-04,437.964
Shunyi_2017-01-04,374.777
Tiantan_2017-01-04,361.189
Wanliu_2017-01-04,296.94
Wanshouxigong_2017-01-04,323.995
Aotizhongxin_2017-01-05,258.945
Changping_2017-01-05,287.633
Dingling_2017-01-05,276.01
Dongsi_2017-01-05,200.757
Guanyuan_2017-01-05,247.475
Gucheng_2017-01-05,283.236
Huairou_2017-01-05,299.99
Nongzhanguan_2017-01-05,257.52
Shunyi_2017-01-05,304.534
Tiantan_2017-01-05,261.824
Wanliu_2017-01-05,257.437
Wanshouxigong_2017-01-05,261.497
Aotizhongxin_2017-01-06,201.308
Changping_2017-01-06,171.478
Dingling_2017-01-06,174.788
Dongsi_2017-01-06,189.396
Guanyuan_2017-01-06,211.834
Gucheng_2017-01-06,185.683
Huairou_2017-01-06,168.886
Nongzhanguan_2017-01-06,253.145
Shunyi_2017-01-06,238.125
Tiantan_2017-01-06,215.269
Wanliu_2017-01-06,215.002
Wanshouxigong_2017-01-06,224.006
Aotizhongxin_2017-01-07,151.289
Changping_2017-01-07,182.339
Dingling_2017-01-07,128.182
Dongsi_2017-01-07,157.686
Guanyuan_2017-01-07,151.002
Gucheng_2017-01-07,189.942
Huairou_2017-01-07,145.11
Nongzhanguan_2017-01-07,201.693
Shunyi_2017-01-07,166.874
Tiantan_2017-01-07,182.377
Wanliu_2017-01-07,159.677
Wanshouxigong_2017-01-07,179.307
Aotizhongxin_2017-01-08,10.105
Changping_2017-01-08,16.964
Dingling_2017-01-08,15.34
Dongsi_2017-01-08,25.652
Guanyuan_2017-01-08,19.497
Gucheng_2017-01-08,46.486
Huairou_2017-01-08,46.748
Nongzhanguan_2017-01-08,14.836
Shunyi_2017-01-08,51.158
Tiantan_2017-01-08,48.21
Wanliu_2017-01-08,32.959
Wanshouxigong_2017-01-08,54.536
Aotizhongxin_2017-01-09,22.906
Changping_2017-01-09,25.348
Dingling_2017-01-09,24.943
Dongsi_2017-01-09,47.917
Guanyuan_2017-01-09,28.906
Gucheng_2017-01-09,25.948
Huairou_2017-01-09,23.624
Nongzhanguan_2017-01-09,25.77
Shunyi_2017-01-09,23.966
Tiantan_2017-01-09,37.026
Wanliu_2017-01-09,25.159
Wanshouxigong_2017-01-09,37.242
Aotizhongxin_2017-01-10,17.429
Changping_2017-01-10,15.746
Dingling_2017-01-10,11.533
Dongsi_2017-01-10,35.078
Guanyuan_2017-01-10,22.658
Gucheng_2017-01-10,30.717
Huairou_2017-01-10,3.659
Nongzhanguan_2017-01-10,20.814
Shunyi_2017-01-10,13.919
Tiantan_2017-01-10,35.906
Wanliu_2017-01-10,28.056
Wanshouxigong_2017-01-10,35.652
Aotizhongxin_2017-01-11,63.25
Changping_2017-01-11,42.905
Dingling_2017-01-11,23.035
Dongsi_2017-01-11,94.673
Guanyuan_2017-01-11,83.71
Gucheng_2017-01-11,75.058
Huairou_2017-01-11,34.014
Nongzhanguan_2017-01-11,77.496
Shunyi_2017-01-11,43.188
Tiantan_2017-01-11,108.698
Wanliu_2017-01-11,87.578
Wanshouxigong_2017-01-11,86.395
Aotizhongxin_2017-01-12,43.854
Changping_2017-01-12,24.851
Dingling_2017-01-12,18.219
Dongsi_2017-01-12,57.733
Guanyuan_2017-01-12,40.951
Gucheng_2017-01-12,58.984
Huairou_2017-01-12,25.872
Nongzhanguan_2017-01-12,43.863
Shunyi_2017-01-12,53.095
Tiantan_2017-01-12,56.928
Wanliu_2017-01-12,50.706
Wanshouxigong_2017-01-12,51.335
Aotizhongxin_2017-01-13,3.0
Changping_2017-01-13,15.803
Dingling_2017-01-13,8.75
Dongsi_2017-01-13,5.993
Guanyuan_2017-01-13,3.0
Gucheng_2017-01-13,3.0
Huairou_2017-01-13,4.145
Nongzhanguan_2017-01-13,3.0
Shunyi_2017-01-13,3.0
Tiantan_2017-01-13,7.605
Wanliu_2017-01-13,3.048
Wanshouxigong_2017-01-13,3.0
Aotizhongxin_2017-01-14,21.003
Changping_2017-01-14,24.521
Dingling_2017-01-14,24.922
Dongsi_2017-01-14,27.905
Guanyuan_2017-01-14,24.515
Gucheng_2017-01-14,31.98
Huairou_2017-01-14,29.149
Nongzhanguan_2017-01-14,24.11
Shunyi_2017-01-14,30.702
Tiantan_2017-01-14,28.641
Wanliu_2017-01-14,25.828
Wanshouxigong_2017-01-14,20.84
Aotizhongxin_2017-01-15,59.773
Changping_2017-01-15,80.344
Dingling_2017-01-15,83.644
Dongsi_2017-01-15,72.786
Guanyuan_2017-01-15,62.347
Gucheng_2017-01-15,66.639
Huairou_2017-01-15,87.853
Nongzhanguan_2017-01-15,67.448
Shunyi_2017-01-15,85.33
Tiantan_2017-01-15,65.651
Wanliu_2017-01-15,60.709
Wanshouxigong_2017-01-15,60.654
Aotizhongxin_2017-01-16,101.661
Changping_2017-01-16,103.891
Dingling_2017-01-16,111.634
Dongsi_2017-01-16,119.9
Guanyuan_2017-01-16,103.417
Gucheng_2017-01-16,118.625
Huairou_2017-01-16,95.053
Nongzhanguan_2017-01-16,111.622
Shunyi_2017-01-16,116.874
Tiantan_2017-01-16,92.597
Wanliu_2017-01-16,108.771
Wanshouxigong_2017-01-16,92.715
Aotizhongxin_2017-01-17,139.994
Changping_2017-01-17,111.347
Dingling_2017-01-17,108.808
Dongsi_2017-01-17,157.19
Guanyuan_2017-01-17,141.259
Gucheng_2017-01-17,141.449
Huairou_2017-01-17,121.188
Nongzhanguan_2017-01-17,149.334
Shunyi_2017-01-17,146.131
Tiantan_2017-01-17,134.11
Wanliu_2017-01-17,135.239
Wanshouxigong_2017-01-17,138.243
Aotizhongxin_2017-01-18,45.767
Changping_2017-01-18,30.123
Dingling_2017-01-18,33.46
Dongsi_2017-01-18,50.009
Guanyuan_2017-01-18,38.596
Gucheng_2017-01-18,70.073
Huairou_2017-01-18,40.44
Nongzhanguan_2017-01-18,51.431
Shunyi_2017-01-18,40.815
Tiantan_2017-01-18,41.985
Wanliu_2017-01-18,47.121
Wanshouxigong_2017-01-18,45.591
Aotizhongxin_2017-01-19,61.148
Changping_2017-01-19,50.169
Dingling_2017-01-19,41.255
Dongsi_2017-01-19,74.136
Guanyuan_2017-01-19,66.261
Gucheng_2017-01-19,58.684
Huairou_2017-01-19,28.807
Nongzhanguan_2017-01-19,67.896
Shunyi_2017-01-19,49.818
Tiantan_2017-01-19,79.007
Wanliu_2017-01-19,56.281
Wanshouxigong_2017-01-19,62.367
Aotizhongxin_2017-01-20,15.203
Changping_2017-01-20,18.93
Dingling_2017-01-20,16.245
Dongsi_2017-01-20,21.544
Guanyuan_2017-01-20,18.421
Gucheng_2017-01-20,22.111
Huairou_2017-01-20,16.332
Nongzhanguan_2017-01-20,18.052
Shunyi_2017-01-20,29.514
Tiantan_2017-01-20,24.401
Wanliu_2017-01-20,21.135
Wanshouxigong_2017-01-20,20.62
Aotizhongxin_2017-01-21,29.782
Changping_2017-01-21,23.929
Dingling_2017-01-21,25.657
Dongsi_2017-01-21,35.804
Guanyuan_2017-01-21,29.055
Gucheng_2017-01-21,23.126
Huairou_2017-01-21,15.402
Nongzhanguan_2017-01-21,29.041
Shunyi_2017-01-21,38.469
Tiantan_2017-01-21,35.316
Wanliu_2017-01-21,26.028
Wanshouxigong_2017-01-21,26.091
Aotizhongxin_2017-01-22,24.245
Changping_2017-01-22,16.071
Dingling_2017-01-22,17.613
Dongsi_2017-01-22,34.259
Guanyuan_2017-01-22,30.622
Gucheng_2017-01-22,30.821
Huairou_2017-01-22,10.729
Nongzhanguan_2017-01-22,31.248
Shunyi_2017-01-22,15.694
Tiantan_2017-01-22,31.148
Wanliu_2017-01-22,33.2
Wanshouxigong_2017-01-22,29.982
Aotizhongxin_2017-01-23,37.887
Changping_2017-01-23,41.268
Dingling_2017-01-23,38.452
Dongsi_2017-01-23,47.849
Guanyuan_2017-01-23,38.617
Gucheng_2017-01-23,35.846
Huairou_2017-01-23,26.13
Nongzhanguan_2017-01-23,47.307
Shunyi_2017-01-23,43.794
Tiantan_2017-01-23,42.505
Wanliu_2017-01-23,36.268
Wanshouxigong_2017-01-23,42.18
Aotizhongxin_2017-01-24,99.264
Changping_2017-01-24,79.87
Dingling_2017-01-24,77.167
Dongsi_2017-01-24,124.494
Guanyuan_2017-01-24,95.018
Gucheng_2017-01-24,96.551
Huairou_2017-01-24,54.257
Nongzhanguan_2017-01-24,120.469
Shunyi_2017-01-24,89.776
Tiantan_2017-01-24,116.349
Wanliu_2017-01-24,102.429
Wanshouxigong_2017-01-24,112.66
Aotizhongxin_2017-01-25,176.051
Changping_2017-01-25,145.96
Dingling_2017-01-25,141.906
Dongsi_2017-01-25,200.652
Guanyuan_2017-01-25,178.549
Gucheng_2017-01-25,157.425
Huairou_2017-01-25,129.704
Nongzhanguan_2017-01-25,181.794
Shunyi_2017-01-25,180.056
Tiantan_2017-01-25,184.441
Wanliu_2017-01-25,168.707
Wanshouxigong_2017-01-25,188.563
Aotizhongxin_2017-01-26,156.73
Changping_2017-01-26,137.061
Dingling_2017-01-26,122.604
Dongsi_2017-01-26,179.57
Guanyuan_2017-01-26,155.706
Gucheng_2017-01-26,128.217
Huairou_2017-01-26,129.185
Nongzhanguan_2017-01-26,169.313
Shunyi_2017-01-26,178.455
Tiantan_2017-01-26,176.28
Wanliu_2017-01-26,140.047
Wanshouxigong_2017-01-26,166.627
Aotizhongxin_2017-01-27,49.57
Changping_2017-01-27,42.098
Dingling_2017-01-27,36.291
Dongsi_2017-01-27,71.499
Guanyuan_2017-01-27,63.974
Gucheng_2017-01-27,58.349
Huairou_2017-01-27,65.577
Nongzhanguan_2017-01-27,57.879
Shunyi_2017-01-27,73.092
Tiantan_2017-01-27,58.505
Wanliu_2017-01-27,57.187
Wanshouxigong_2017-01-27,62.646
Aotizhongxin_2017-01-28,311.734
Changping_2017-01-28,246.135
Dingling_2017-01-28,193.94
Dongsi_2017-01-28,350.358
Guanyuan_2017-01-28,313.039
Gucheng_2017-01-28,313.223
Huairou_2017-01-28,221.502
Nongzhanguan_2017-01-28,305.076
Shunyi_2017-01-28,321.055
Tiantan_2017-01-28,302.744
Wanliu_2017-01-28,297.69
Wanshouxigong_2017-01-28,331.453
Aotizhongxin_2017-01-29,42.199
Changping_2017-01-29,27.655
Dingling_2017-01-29,25.372
Dongsi_2017-01-29,55.777
Guanyuan_2017-01-29,51.707
Gucheng_2017-01-29,27.254
Huairou_2017-01-29,37.004
Nongzhanguan_2017-01-29,46.43
Shunyi_2017-01-29,46.263
Tiantan_2017-01-29,52.847
Wanliu_2017-01-29,32.853
Wanshouxigong_2017-01-29,43.933
Aotizhongxin_2017-01-30,5.277
Changping_2017-01-30,17.422
Dingling_2017-01-30,9.546
Dongsi_2017-01-30,10.89
Guanyuan_2017-01-30,11.61
Gucheng_2017-01-30,3.246
Huairou_2017-01-30,11.624
Nongzhanguan_2017-01-30,9.029
Shunyi_2017-01-30,15.93
Tiantan_2017-01-30,12.535
Wanliu_2017-01-30,7.935
Wanshouxigong_2017-01-30,8.953
Aotizhongxin_2017-01-31,50.399
Changping_2017-01-31,27.809
Dingling_2017-01-31,28.002
Dongsi_2017-01-31,55.963
Guanyuan_2017-01-31,62.008
Gucheng_2017-01-31,65.457
Huairou_2017-01-31,49.194
Nongzhanguan_2017-01-31,51.737
Shunyi_2017-01-31,75.519
Tiantan_2017-01-31,63.393
Wanliu_2017-01-31,56.247
Wanshouxigong_2017-01-31,65.641
Aotizhongxin_2017-02-01,22.11
Changping_2017-02-01,18.302
Dingling_2017-02-01,15.033
Dongsi_2017-02-01,30.776
Guanyuan_2017-02-01,27.156
Gucheng_2017-02-01,31.696
Huairou_2017-02-01,22.343
Nongzhanguan_2017-02-01,19.096
Shunyi_2017-02-01,25.311
Tiantan_2017-02-01,29.267
Wanliu_2017-02-01,34.671
Wanshouxigong_2017-02-01,21.56
Aotizhongxin_2017-02-02,76.914
Changping_2017-02-02,65.182
Dingling_2017-02-02,52.736
Guanyuan_2017-02-02,74.542
Gucheng_2017-02-02,63.198
Huairou_2017-02-02,41.888
Nongzhanguan_2017-02-02,84.094
Shunyi_2017-02-02,68.299
Tiantan_2017-02-02,95.485
Wanliu_2017-02-02,93.453
Wanshouxigong_2017-02-02,89.89
Aotizhongxin_2017-02-03,144.312
Changping_2017-02-03,95.798
Dingling_2017-02-03,91.396
Dongsi_2017-02-03,167.667
Guanyuan_2017-02-03,143.12
Gucheng_2017-02-03,160.51
Huairou_2017-02-03,98.803
Nongzhanguan_2017-02-03,162.023
Shunyi_2017-02-03,130.851
Tiantan_2017-02-03,162.909
Wanliu_2017-02-03,155.16
Wanshouxigong_2017-02-03,161.171
Aotizhongxin_2017-02-04,223.49
Changping_2017-02-04,123.63
Dingling_2017-02-04,122.493
Dongsi_2017-02-04,251.341
Guanyuan_2017-02-04,212.56
Gucheng_2017-02-04,212.072
Huairou_2017-02-04,180.818
Nongzhanguan_2017-02-04,230.125
Shunyi_2017-02-04,232.775
Tiantan_2017-02-04,238.679
Wanliu_2017-02-04,191.607
Wanshouxigong_2017-02-04,238.985
Aotizhongxin_2017-02-05,3.0
Changping_2017-02-05,4.192
Dingling_2017-02-05,5.235
Dongsi_2017-02-05,3.0
Guanyuan_2017-02-05,3.0
Gucheng_2017-02-05,3.0
Huairou_2017-02-05,3.0
Nongzhanguan_2017-02-05,3.0
Shunyi_2017-02-05,8.415
Tiantan_2017-02-05,3.0
Wanliu_2017-02-05,4.895
Wanshouxigong_2017-02-05,3.0
Aotizhongxin_2017-02-06,3.0
Changping_2017-02-06,16.989
Dingling_2017-02-06,13.331
Dongsi_2017-02-06,6.3
Guanyuan_2017-02-06,5.547
Gucheng_2017-02-06,8.733
Huairou_2017-02-06,9.147
Nongzhanguan_2017-02-06,4.492
Shunyi_2017-02-06,10.009
Tiantan_2017-02-06,6.99
Wanliu_2017-02-06,7.489
Wanshouxigong_2017-02-06,3.0
Aotizhongxin_2017-02-07,81.181
Changping_2017-02-07,78.963
Dingling_2017-02-07,72.419
Dongsi_2017-02-07,86.682
Guanyuan_2017-02-07,78.381
Gucheng_2017-02-07,92.625
Huairou_2017-02-07,78.911
Nongzhanguan_2017-02-07,74.026
Shunyi_2017-02-07,117.728
Tiantan_2017-02-07,76.223
Wanliu_2017-02-07,88.863
Wanshouxigong_2017-02-07,71.442
Aotizhongxin_2017-02-08,36.135
Changping_2017-02-08,24.231
Dingling_2017-02-08,29.707
Dongsi_2017-02-08,42.265
Guanyuan_2017-02-08,35.387
Gucheng_2017-02-08,24.028
Huairou_2017-02-08,19.642
Nongzhanguan_2017-02-08,33.342
Shunyi_2017-02-08,31.567
Tiantan_2017-02-08,42.571
Wanliu_2017-02-08,35.557
Wanshouxigong_2017-02-08,31.535
Aotizhongxin_2017-02-09,3.0
Changping_2017-02-09,6.081
Dingling_2017-02-09,3.0
Dongsi_2017-02-09,3.0
Guanyuan_2017-02-09,3.0
Gucheng_2017-02-09,3.0
Huairou_2017-02-09,3.0
Nongzhanguan_2017-02-09,6.38
Shunyi_2017-02-09,3.0
Tiantan_2017-02-09,6.182
Wanliu_2017-02-09,3.0
Wanshouxigong_2017-02-09,3.0
Aotizhongxin_2017-02-10,3.0
Changping_2017-02-10,5.645
Dingling_2017-02-10,9.052
Dongsi_2017-02-10,3.0
Guanyuan_2017-02-10,3.0
Gucheng_2017-02-10,3.0
Huairou_2017-02-10,3.0
Nongzhanguan_2017-02-10,3.0
Shunyi_2017-02-10,3.0
Tiantan_2017-02-10,3.0
Wanliu_2017-02-10,3.0
Wanshouxigong_2017-02-10,3.0
Aotizhongxin_2017-02-11,35.704
Changping_2017-02-11,20.033
Dingling_2017-02-11,12.336
Dongsi_2017-02-11,57.039
Guanyuan_2017-02-11,42.214
Gucheng_2017-02-11,60.015
Huairou_2017-02-11,28.64
Nongzhanguan_2017-02-11,50.351
Shunyi_2017-02-11,24.727
Tiantan_2017-02-11,41.445
Wanliu_2017-02-11,50.261
Wanshouxigong_2017-02-11,45.491
Aotizhongxin_2017-02-12,111.626
Changping_2017-02-12,74.245
Dingling_2017-02-12,66.551
Dongsi_2017-02-12,164.096
Guanyuan_2017-02-12,115.243
Gucheng_2017-02-12,104.23
Huairou_2017-02-12,59.57
Nongzhanguan_2017-02-12,156.963
Shunyi_2017-02-12,100.61
Tiantan_2017-02-12,152.716
Wanliu_2017-02-12,102.359
Wanshouxigong_2017-02-12,132.466
Aotizhongxin_2017-02-13,104.719
Changping_2017-02-13,48.807
Dingling_2017-02-13,34.853
Dongsi_2017-02-13,117.714
Guanyuan_2017-02-13,108.948
Gucheng_2017-02-13,84.675
Huairou_2017-02-13,79.663
Nongzhanguan_2017-02-13,112.079
Shunyi_2017-02-13,86.196
Tiantan_2017-02-13,104.459
Wanliu_2017-02-13,92.324
Wanshouxigong_2017-02-13,97.206
Aotizhongxin_2017-02-14,170.929
Changping_2017-02-14,163.304
Dingling_2017-02-14,150.416
Dongsi_2017-02-14,178.292
Guanyuan_2017-02-14,181.049
Gucheng_2017-02-14,190.37
Huairou_2017-02-14,168.432
Nongzhanguan_2017-02-14,169.931
Shunyi_2017-02-14,187.549
Tiantan_2017-02-14,169.934
Wanliu_2017-02-14,180.29
Wanshouxigong_2017-02-14,161.745
Aotizhongxin_2017-02-15,203.011
Changping_2017-02-15,204.825
Dingling_2017-02-15,192.091
Dongsi_2017-02-15,206.765
Guanyuan_2017-02-15,186.973
Gucheng_2017-02-15,205.634
Huairou_2017-02-15,175.095
Nongzhanguan_2017-02-15,208.947
Shunyi_2017-02-15,197.468
Tiantan_2017-02-15,197.53
Wanliu_2017-02-15,212.086
Wanshouxigong_2017-02-15,205.809
Aotizhongxin_2017-02-16,97.455
Changping_2017-02-16,67.539
Dingling_2017-02-16,61.796
Dongsi_2017-02-16,91.586
Guanyuan_2017-02-16,79.507
Gucheng_2017-02-16,90.677
Huairou_2017-02-16,70.191
Nongzhanguan_2017-02-16,87.419
Shunyi_2017-02-16,85.742
Tiantan_2017-02-16,90.567
Wanliu_2017-02-16,85.789
Wanshouxigong_2017-02-16,86.28
Aotizhongxin_2017-02-17,6.6
Changping_2017-02-17,14.572
Dingling_2017-02-17,10.406
Dongsi_2017-02-17,11.695
Guanyuan_2017-02-17,8.235
Gucheng_2017-02-17,9.118
Huairou_2017-02-17,4.118
Nongzhanguan_2017-02-17,9.686
Shunyi_2017-02-17,14.26
Tiantan_2017-02-17,18.716
Wanliu_2017-02-17,10.672
Wanshouxigong_2017-02-17,10.264
Aotizhongxin_2017-02-18,74.842
Changping_2017-02-18,67.114
Dingling_2017-02-18,67.032
Dongsi_2017-02-18,99.86
Guanyuan_2017-02-18,79.014
Gucheng_2017-02-18,98.825
Huairou_2017-02-18,74.781
Nongzhanguan_2017-02-18,86.623
Shunyi_2017-02-18,71.177
Tiantan_2017-02-18,90.993
Wanliu_2017-02-18,82.607
Wanshouxigong_2017-02-18,84.718
Aotizhongxin_2017-02-19,90.005
Changping_2017-02-19,91.326
Dingling_2017-02-19,75.562
Dongsi_2017-02-19,123.807
Guanyuan_2017-02-19,90.684
Gucheng_2017-02-19,85.962
Huairou_2017-02-19,79.846
Nongzhanguan_2017-02-19,92.082
Shunyi_2017-02-19,80.388
Tiantan_2017-02-19,101.051
Wanliu_2017-02-19,86.945
Wanshouxigong_2017-02-19,93.42
Aotizhongxin_2017-02-20,3.009
Changping_2017-02-20,6.12
Dingling_2017-02-20,10.069
Dongsi_2017-02-20,10.107
Guanyuan_2017-02-20,3.853
Gucheng_2017-02-20,3.672
Huairou_2017-02-20,9.318
Nongzhanguan_2017-02-20,4.442
Shunyi_2017-02-20,22.079
Tiantan_2017-02-20,10.661
Wanliu_2017-02-20,7.746
Wanshouxigong_2017-02-20,3.746
Dingling_2017-02-21,75.088
Aotizhongxin_2017-02-22,66.766
Changping_2017-02-22,68.44
Dingling_2017-02-22,68.516
Dongsi_2017-02-22,66.764
Guanyuan_2017-02-22,63.304
Huairou_2017-02-22,78.545
Nongzhanguan_2017-02-22,63.073
Shunyi_2017-02-22,73.302
Tiantan_2017-02-22,71.288
Wanliu_2017-02-22,62.512
Wanshouxigong_2017-02-22,75.134
Aotizhongxin_2017-02-23,14.669
Changping_2017-02-23,13.283
Dingling_2017-02-23,9.094
Dongsi_2017-02-23,25.049
Guanyuan_2017-02-23,18.404
Gucheng_2017-02-23,20.786
Huairou_2017-02-23,14.289
Nongzhanguan_2017-02-23,18.626
Shunyi_2017-02-23,14.859
Tiantan_2017-02-23,24.489
Wanliu_2017-02-23,18.95
Wanshouxigong_2017-02-23,20.377
Aotizhongxin_2017-02-24,18.102
Changping_2017-02-24,10.213
Dingling_2017-02-24,9.062
Dongsi_2017-02-24,32.492
Guanyuan_2017-02-24,27.071
Gucheng_2017-02-24,27.551
Huairou_2017-02-24,16.723
Nongzhanguan_2017-02-24,25.59
Shunyi_2017-02-24,26.378
Tiantan_2017-02-24,37.51
Wanliu_2017-02-24,29.217
Wanshouxigong_2017-02-24,32.799
Aotizhongxin_2017-02-25,4.528
Changping_2017-02-25,8.97
Dingling_2017-02-25,10.36
Dongsi_2017-02-25,8.231
Guanyuan_2017-02-25,4.099
Gucheng_2017-02-25,3.0
Huairou_2017-02-25,13.555
Nongzhanguan_2017-02-25,5.948
Shunyi_2017-02-25,13.601
Tiantan_2017-02-25,8.632
Wanliu_2017-02-25,9.002
Wanshouxigong_2017-02-25,3.0
Aotizhongxin_2017-02-26,26.891
Changping_2017-02-26,33.499
Dingling_2017-02-26,29.803
Dongsi_2017-02-26,31.045
Guanyuan_2017-02-26,30.624
Gucheng_2017-02-26,40.274
Huairou_2017-02-26,29.977
Nongzhanguan_2017-02-26,26.359
Shunyi_2017-02-26,34.266
Tiantan_2017-02-26,27.08
Wanliu_2017-02-26,32.559
Wanshouxigong_2017-02-26,25.678
Aotizhongxin_2017-02-27,70.043
Changping_2017-02-27,50.023
Dingling_2017-02-27,47.402
Dongsi_2017-02-27,98.49
Gucheng_2017-02-27,79.029
Huairou_2017-02-27,62.876
Nongzhanguan_2017-02-27,94.122
Shunyi_2017-02-27,75.236
Tiantan_2017-02-27,80.654
Wanliu_2017-02-27,78.614
Wanshouxigong_2017-02-27,66.368
Aotizhongxin_2017-02-28,3.0
Changping_2017-02-28,3.0
Dingling_2017-02-28,3.0
Dongsi_2017-02-28,7.255
Gucheng_2017-02-28,3.0
Huairou_2017-02-28,16.713
Nongzhanguan_2017-02-28,3.0
Shunyi_2017-02-28,12.206
Tiantan_2017-02-28,5.068
Wanliu_2017-02-28,3.0
Wanshouxigong_2017-02-28,3.0
